name,location,music
一丛松柏开叉叉,厦门市,"[[62, 64, 60, 62, 55, 60, 62, 62, 64, 60, 62, 60, 60, 62, 57, 62, 60, 60, 55, 62, 60, 55, 55, 60, 62, 64, 62, 60, 62], [256.0, 256.0, 256.0, 256.0, 256.0, 256.0, 512.0, 256.0, 256.0, 256.0, 256.0, 256.0, 256.0, 768.0, 256.0, 256.0, 256.0, 256.0, 256.0, 256.0, 256.0, 512.0, 256.0, 256.0, 256.0, 256.0, 256.0, 256.0, 512.0]]"
一把白扇新又新,闽清县,"[[72, 69, 69, 72, 67, 69, 72, 72, 74, 69, 72, 74, 69, 72, 72, 72, 67, 69, 67, 72, 69, 72, 69, 67, 67, 72, 72, 67, 72, 69, 72, 69, 69, 67, 69, 67], [128.0, 128.0, 256.0, 256.0, 512.0, 256.0, 256.0, 512.0, 256.0, 128.0, 128.0, 256.0, 128.0, 128.0, 256.0, 256.0, 128.0, 128.0, 512.0, 256.0, 256.0, 128.0, 128.0, 512.0, 256.0, 256.0, 512.0, 256.0, 256.0, 256.0, 128.0, 128.0, 256.0, 256.0, 256.0, 512.0]]"
下象棋,福州市,"[[69, 67, 64, 62, 67, 69, 72, 74, 76, 72, 72, 74, 76, 74, 76, 74, 72, 69, 67, 64, 62, 64, 67, 72, 69, 67, 72, 69, 67, 64, 67, 69, 72, 67, 67, 62, 62, 64, 67, 72, 69, 62, 64, 67, 64, 62, 60], [256.0, 256.0, 256.0, 256.0, 1024.0, 256.0, 256.0, 256.0, 256.0, 1024.0, 384.0, 128.0, 512.0, 256.0, 128.0, 128.0, 512.0, 256.0, 256.0, 256.0, 128.0, 128.0, 1024.0, 512.0, 256.0, 256.0, 512.0, 256.0, 256.0, 256.0, 256.0, 256.0, 256.0, 1024.0, 256.0, 256.0, 256.0, 256.0, 256.0, 256.0, 256.0, 256.0, 256.0, 256.0, 256.0, 256.0, 1024.0]]"
买花钱,蒲城县,"[[69, 72, 69, 69, 72, 74, 76, 74, 59, 72, 76, 74, 72, 69, 67, 69, 67, 59, 74, 67, 69, 72, 72, 69, 67, 69, 64, 59, 67, 69, 72, 69, 67, 69, 67, 59, 69, 72, 69, 69, 67, 74, 76, 74, 72, 76, 74, 72, 69, 67, 69, 67, 59, 62, 67, 69, 72, 72, 69, 67, 69, 64, 59, 67, 69, 72, 69, 67, 69, 67, 59, 69, 72, 69, 69, 72, 74, 76, 74, 72, 76, 74, 72, 69, 67, 69, 67, 59, 74, 67, 69, 72, 72, 69, 67, 69, 64, 59, 67, 69, 72, 69, 67, 69, 67, 59], [256.0, 128.0, 128.0, 256.0, 256.0, 384.0, 128.0, 256.0, 256.0, 256.0, 256.0, 256.0, 128.0, 128.0, 384.0, 128.0, 256.0, 256.0, 256.0, 128.0, 128.0, 256.0, 128.0, 128.0, 256.0, 256.0, 256.0, 256.0, 384.0, 128.0, 256.0, 256.0, 384.0, 128.0, 256.0, 256.0, 256.0, 128.0, 128.0, 256.0, 256.0, 384.0, 128.0, 512.0, 256.0, 256.0, 256.0, 128.0, 128.0, 384.0, 128.0, 256.0, 256.0, 256.0, 128.0, 128.0, 256.0, 128.0, 128.0, 256.0, 256.0, 256.0, 256.0, 256.0, 256.0, 256.0, 256.0, 384.0, 128.0, 256.0, 256.0, 256.0, 128.0, 128.0, 256.0, 256.0, 384.0, 128.0, 512.0, 256.0, 256.0, 256.0, 128.0, 128.0, 384.0, 128.0, 256.0, 256.0, 256.0, 128.0, 128.0, 256.0, 128.0, 128.0, 256.0, 256.0, 256.0, 256.0, 384.0, 128.0, 256.0, 256.0, 384.0, 128.0, 256.0, 256.0]]"
五月里来艳阳天,宁德市,"[[64, 57, 60, 60, 60, 62, 59, 57, 57, 60, 60, 64, 67, 64, 62, 60, 60, 60, 62, 59, 57, 57, 60, 60, 69, 67, 69, 64, 67, 57, 60, 60, 60, 62, 59, 57, 57, 60, 60, 64, 67, 69, 69, 67, 64, 67, 64, 62, 62, 60, 62, 64, 67, 67, 57, 60, 60, 60, 62, 59, 57, 57, 60, 60], [512.0, 512.0, 512.0, 512.0, 128.0, 128.0, 256.0, 256.0, 256.0, 512.0, 512.0, 256.0, 256.0, 256.0, 256.0, 512.0, 512.0, 128.0, 128.0, 256.0, 256.0, 256.0, 512.0, 512.0, 512.0, 512.0, 512.0, 512.0, 512.0, 512.0, 512.0, 512.0, 128.0, 128.0, 256.0, 256.0, 256.0, 512.0, 512.0, 512.0, 512.0, 512.0, 256.0, 256.0, 512.0, 256.0, 256.0, 512.0, 512.0, 768.0, 256.0, 512.0, 512.0, 512.0, 512.0, 512.0, 512.0, 128.0, 128.0, 256.0, 256.0, 256.0, 512.0, 512.0]]"
你去惕得人疼,永安市,"[[60, 57, 52, 59, 57, 57, 60, 62, 60, 57, 60, 60, 57, 57, 57, 60, 60, 60, 60, 57, 60, 60, 57, 57, 60, 57, 57, 62, 60, 60, 57, 57, 57, 57, 62, 57, 57, 57, 60, 62, 60, 57, 60, 60, 57, 57, 57, 57, 60, 62, 60, 57, 57, 60, 57, 57, 60, 62, 60, 57, 57, 57, 60, 57, 57, 57, 60, 62, 62, 59, 62, 60, 57, 57, 57, 57, 62, 62, 57, 57, 60, 62, 60, 69, 60, 57, 57, 62, 60, 57, 60, 57, 57, 62, 60, 57, 60, 57, 57, 57, 57, 57, 62, 60, 57, 57, 62, 60, 57, 60, 57, 57, 60, 62, 57, 60, 60, 57, 57, 57, 57, 60, 57, 60, 57, 60, 57, 57, 62, 60, 57, 60, 57, 57, 60, 60, 57, 60, 48, 69, 60, 57, 57, 57, 60, 62, 60, 57, 64, 57, 60, 60, 57, 57, 62, 60, 62, 60, 57, 60, 57, 60, 57, 57, 60, 62, 57, 62, 60, 57, 60, 57, 60, 60, 57, 57, 60, 62, 60, 60, 57, 60, 57, 57, 60, 62, 60, 57, 60, 57, 57, 57, 60, 62, 60, 57, 52, 60, 62, 62, 60, 62, 60, 57, 57, 60, 62, 62, 57, 62, 60, 57, 60, 60, 57, 57, 57, 62, 60, 57, 60, 57, 57, 60, 62, 60, 57, 60, 57, 60, 57, 60, 62, 60, 57, 60, 57, 60, 59, 57, 57, 60, 62, 60, 57, 60, 57, 57, 62, 62, 57, 62, 60, 60, 57, 57, 57, 62, 62, 57, 62, 60, 60, 57, 57, 57, 57, 60, 62, 60, 57, 60, 57, 57, 57, 62, 60, 57, 60, 60, 60, 57, 60, 62, 60, 57, 60, 57, 57, 60, 62, 60, 57, 57, 62, 62, 60, 62, 60, 57, 60, 57, 57, 57, 60, 62, 60, 57, 57, 62, 60, 57, 60, 57, 57, 57, 62, 62, 60, 57, 57, 60, 57, 57, 57, 62, 60, 57, 57, 62, 60, 57, 57, 57, 60, 62, 60, 62, 60, 57, 57, 60, 62, 57, 57, 62, 60, 57, 60, 57, 57, 60, 62, 60, 57, 62, 60, 57, 60, 57, 57, 60, 62, 60, 57, 60, 57, 57, 60, 62, 60, 57, 60, 57, 57, 60, 62, 60, 60, 60, 57, 60, 57], [512.0, 128.0, 128.0, 256.0, 128.0, 128.0, 128.0, 128.0, 128.0, 384.0, 128.0, 384.0, 768.0, 128.0, 128.0, 128.0, 128.0, 256.0, 128.0, 384.0, 128.0, 384.0, 128.0, 384.0, 128.0, 384.0, 128.0, 384.0, 128.0, 384.0, 128.0, 384.0, 512.0, 128.0, 256.0, 128.0, 128.0, 384.0, 128.0, 384.0, 128.0, 384.0, 128.0, 384.0, 768.0, 256.0, 128.0, 384.0, 128.0, 384.0, 128.0, 384.0, 128.0, 384.0, 768.0, 256.0, 128.0, 384.0, 128.0, 384.0, 128.0, 128.0, 128.0, 128.0, 128.0, 128.0, 256.0, 128.0, 128.0, 128.0, 128.0, 128.0, 384.0, 256.0, 128.0, 128.0, 256.0, 256.0, 1024.0, 128.0, 128.0, 256.0, 128.0, 384.0, 512.0, 1024.0, 128.0, 128.0, 128.0, 128.0, 128.0, 384.0, 128.0, 128.0, 128.0, 128.0, 128.0, 384.0, 256.0, 128.0, 128.0, 128.0, 128.0, 128.0, 128.0, 128.0, 128.0, 128.0, 128.0, 256.0, 512.0, 128.0, 128.0, 256.0, 256.0, 128.0, 384.0, 128.0, 384.0, 512.0, 256.0, 256.0, 256.0, 256.0, 256.0, 128.0, 128.0, 128.0, 128.0, 128.0, 128.0, 256.0, 768.0, 512.0, 256.0, 256.0, 128.0, 384.0, 128.0, 384.0, 256.0, 768.0, 128.0, 128.0, 128.0, 128.0, 128.0, 384.0, 128.0, 128.0, 256.0, 256.0, 768.0, 128.0, 128.0, 128.0, 128.0, 128.0, 384.0, 128.0, 384.0, 128.0, 384.0, 512.0, 128.0, 384.0, 256.0, 256.0, 128.0, 384.0, 512.0, 1024.0, 256.0, 256.0, 512.0, 128.0, 128.0, 128.0, 128.0, 128.0, 384.0, 128.0, 384.0, 512.0, 128.0, 384.0, 128.0, 384.0, 128.0, 384.0, 256.0, 256.0, 128.0, 384.0, 128.0, 128.0, 256.0, 128.0, 256.0, 128.0, 128.0, 384.0, 128.0, 384.0, 1024.0, 128.0, 256.0, 128.0, 128.0, 384.0, 128.0, 384.0, 128.0, 384.0, 768.0, 256.0, 128.0, 384.0, 128.0, 384.0, 128.0, 256.0, 128.0, 128.0, 384.0, 128.0, 384.0, 128.0, 384.0, 128.0, 384.0, 128.0, 384.0, 128.0, 384.0, 128.0, 384.0, 128.0, 384.0, 1024.0, 128.0, 128.0, 256.0, 128.0, 384.0, 128.0, 384.0, 128.0, 128.0, 256.0, 128.0, 384.0, 128.0, 128.0, 128.0, 128.0, 512.0, 128.0, 384.0, 128.0, 384.0, 128.0, 384.0, 128.0, 384.0, 384.0, 128.0, 128.0, 384.0, 128.0, 384.0, 128.0, 256.0, 128.0, 128.0, 384.0, 128.0, 384.0, 128.0, 384.0, 768.0, 256.0, 128.0, 384.0, 128.0, 384.0, 128.0, 256.0, 128.0, 128.0, 384.0, 128.0, 384.0, 128.0, 128.0, 256.0, 128.0, 384.0, 128.0, 384.0, 128.0, 384.0, 256.0, 256.0, 128.0, 384.0, 128.0, 384.0, 128.0, 384.0, 128.0, 384.0, 128.0, 256.0, 128.0, 128.0, 384.0, 128.0, 384.0, 128.0, 384.0, 128.0, 256.0, 128.0, 128.0, 384.0, 128.0, 384.0, 128.0, 384.0, 128.0, 384.0, 128.0, 128.0, 128.0, 128.0, 128.0, 384.0, 128.0, 256.0, 128.0, 128.0, 384.0, 128.0, 128.0, 256.0, 128.0, 384.0, 128.0, 384.0, 128.0, 128.0, 128.0, 128.0, 128.0, 384.0, 128.0, 384.0, 128.0, 384.0, 128.0, 128.0, 256.0, 128.0, 384.0, 128.0, 384.0, 128.0, 128.0, 128.0, 128.0, 128.0, 384.0, 768.0, 256.0, 128.0, 384.0, 128.0, 384.0, 128.0, 384.0, 128.0, 384.0]]"
你娘来到我郎楼,柘荣县,"[[69, 67, 72, 72, 72, 72, 72, 69, 67, 64, 69, 67, 64, 62, 60, 62, 60, 57, 59, 57, 57, 57, 57, 60, 60, 64, 67, 69, 67, 64, 62, 60, 64, 62, 59, 67, 64, 64, 67, 72, 72, 69, 67, 62, 64, 67, 62, 64, 62, 60, 62, 60, 57, 59, 60, 57, 57, 57, 59, 64, 62, 60, 67, 69, 67, 64, 62, 64, 60, 64, 62, 60, 57, 59], [256.0, 512.0, 512.0, 256.0, 256.0, 256.0, 256.0, 768.0, 256.0, 512.0, 256.0, 256.0, 128.0, 128.0, 256.0, 512.0, 128.0, 128.0, 256.0, 256.0, 512.0, 256.0, 512.0, 256.0, 512.0, 256.0, 256.0, 256.0, 512.0, 256.0, 512.0, 256.0, 256.0, 512.0, 512.0, 256.0, 512.0, 256.0, 512.0, 256.0, 512.0, 512.0, 256.0, 512.0, 256.0, 256.0, 256.0, 128.0, 128.0, 256.0, 512.0, 128.0, 128.0, 256.0, 256.0, 512.0, 256.0, 256.0, 256.0, 128.0, 128.0, 512.0, 512.0, 256.0, 512.0, 256.0, 256.0, 256.0, 256.0, 256.0, 512.0, 128.0, 128.0, 256.0]]"
你着共人有缘共有份,南安县,"[[67, 64, 67, 64, 60, 60, 64, 57, 57, 57, 60, 64, 60, 60, 64, 64, 60, 57, 60, 60, 59, 60, 64, 60, 64, 60, 60, 59, 64, 67, 64, 60, 60, 64, 64, 64, 60, 64, 60, 60, 57, 60, 60, 59, 60, 60, 60, 60, 64, 64, 60, 57, 60, 64, 59, 64, 64, 67, 64, 64, 60, 60, 64, 60, 60, 64, 64, 60, 60, 64, 64, 57, 57, 57, 60, 60, 64, 60, 57, 64, 64, 67, 64, 64, 60, 64, 64, 60, 60, 57, 57, 57, 60, 57, 60, 57, 59, 64, 64, 67, 64, 60, 60, 60, 60, 64, 64, 57, 57, 57, 59, 60, 60, 64, 67, 60, 60, 57, 60, 64, 64, 64, 60, 57, 57, 57, 59, 60, 60, 64, 60, 60, 57, 60, 60, 60, 60, 64, 64, 57, 60, 57, 59, 64, 64, 67, 64, 60, 64, 57, 60, 57, 60, 60, 64, 60, 60, 60, 60, 64, 60, 60, 59], [256.0, 256.0, 256.0, 256.0, 512.0, 256.0, 256.0, 256.0, 256.0, 256.0, 256.0, 512.0, 256.0, 256.0, 256.0, 128.0, 128.0, 256.0, 256.0, 512.0, 512.0, 256.0, 128.0, 128.0, 256.0, 256.0, 512.0, 512.0, 256.0, 128.0, 128.0, 256.0, 256.0, 256.0, 256.0, 256.0, 256.0, 256.0, 128.0, 128.0, 256.0, 256.0, 512.0, 512.0, 256.0, 128.0, 128.0, 256.0, 256.0, 256.0, 256.0, 256.0, 256.0, 512.0, 512.0, 256.0, 256.0, 256.0, 128.0, 128.0, 256.0, 256.0, 512.0, 256.0, 256.0, 256.0, 256.0, 256.0, 256.0, 256.0, 256.0, 256.0, 128.0, 128.0, 256.0, 256.0, 256.0, 256.0, 512.0, 256.0, 256.0, 256.0, 256.0, 256.0, 256.0, 256.0, 256.0, 256.0, 256.0, 256.0, 256.0, 256.0, 256.0, 256.0, 256.0, 768.0, 256.0, 256.0, 256.0, 256.0, 256.0, 512.0, 256.0, 256.0, 256.0, 128.0, 128.0, 256.0, 256.0, 768.0, 256.0, 256.0, 256.0, 256.0, 256.0, 256.0, 256.0, 256.0, 256.0, 256.0, 256.0, 256.0, 256.0, 256.0, 256.0, 512.0, 256.0, 256.0, 256.0, 256.0, 256.0, 256.0, 256.0, 256.0, 512.0, 256.0, 256.0, 256.0, 256.0, 256.0, 256.0, 512.0, 512.0, 256.0, 256.0, 256.0, 256.0, 256.0, 256.0, 256.0, 256.0, 512.0, 256.0, 256.0, 256.0, 256.0, 512.0, 256.0, 256.0, 256.0, 256.0, 512.0, 512.0]]"
做人媳妇万般难,泰宁县,"[[60, 57, 62, 60, 57, 57, 60, 57, 60, 62, 57, 60, 62, 60, 60, 60, 57, 60, 57, 62, 60, 62, 62, 60, 57, 60, 57, 57, 60, 60, 62, 60, 60, 64, 60, 60, 57, 57, 60, 62, 62, 60, 60, 60, 62, 60, 57, 60, 62, 60, 57, 62, 60, 60, 62, 60, 57, 60, 62, 62, 62, 60, 60, 62, 60, 60, 62, 64, 62, 64, 62, 57, 60, 60, 60, 64, 62, 62, 64, 60, 62, 60, 60, 57, 60, 62, 60, 60, 62, 60, 57, 60, 57, 60, 57, 60, 57, 60, 60, 60, 62, 60, 60, 60, 57, 60, 60, 57, 60, 60, 60, 57, 60, 57, 57, 60, 57, 64, 62, 60, 57, 60, 57, 57, 60, 62, 60, 57, 60, 57, 62, 62, 60, 57, 60, 57, 57, 57, 60, 62, 60, 60, 57, 62, 62, 62, 60, 57, 60, 57, 57, 57, 60, 57, 57, 60, 57, 62, 62, 60, 57, 60, 60, 57, 57, 60, 62, 60], [256.0, 256.0, 512.0, 256.0, 256.0, 512.0, 256.0, 256.0, 256.0, 256.0, 256.0, 256.0, 256.0, 256.0, 512.0, 256.0, 256.0, 256.0, 256.0, 512.0, 256.0, 256.0, 256.0, 256.0, 512.0, 256.0, 256.0, 256.0, 256.0, 256.0, 256.0, 512.0, 256.0, 256.0, 512.0, 256.0, 256.0, 128.0, 128.0, 256.0, 256.0, 256.0, 512.0, 256.0, 128.0, 128.0, 512.0, 256.0, 128.0, 128.0, 128.0, 128.0, 256.0, 256.0, 128.0, 128.0, 512.0, 256.0, 128.0, 128.0, 256.0, 256.0, 256.0, 128.0, 128.0, 512.0, 256.0, 256.0, 256.0, 256.0, 512.0, 256.0, 128.0, 128.0, 256.0, 256.0, 512.0, 256.0, 256.0, 256.0, 128.0, 128.0, 128.0, 384.0, 256.0, 128.0, 128.0, 256.0, 128.0, 128.0, 512.0, 256.0, 256.0, 256.0, 256.0, 512.0, 256.0, 128.0, 128.0, 256.0, 128.0, 128.0, 512.0, 256.0, 256.0, 256.0, 256.0, 512.0, 256.0, 256.0, 256.0, 256.0, 256.0, 256.0, 512.0, 256.0, 256.0, 512.0, 256.0, 256.0, 512.0, 256.0, 256.0, 256.0, 256.0, 256.0, 256.0, 512.0, 256.0, 256.0, 512.0, 256.0, 256.0, 512.0, 256.0, 256.0, 256.0, 256.0, 256.0, 256.0, 512.0, 256.0, 256.0, 256.0, 256.0, 256.0, 256.0, 512.0, 256.0, 256.0, 256.0, 256.0, 256.0, 256.0, 512.0, 256.0, 256.0, 512.0, 256.0, 256.0, 512.0, 256.0, 256.0, 256.0, 256.0, 256.0, 256.0, 512.0]]"
共产党像太阳,寿宁县,"[[64, 62, 64, 62, 62, 64, 60, 60, 57, 62, 62, 60, 64, 62, 60, 60, 57, 62, 60, 57, 62, 60, 57, 62, 64, 62, 64, 60, 60, 57, 62, 60, 57, 60, 55, 57, 57, 60, 55], [256.0, 256.0, 512.0, 512.0, 256.0, 256.0, 512.0, 256.0, 256.0, 512.0, 256.0, 256.0, 512.0, 512.0, 512.0, 256.0, 256.0, 256.0, 256.0, 512.0, 256.0, 256.0, 512.0, 256.0, 256.0, 256.0, 256.0, 512.0, 256.0, 256.0, 256.0, 256.0, 256.0, 256.0, 1024.0, 512.0, 256.0, 256.0, 1024.0]]"
凤阳花鼓,永定县,"[[72, 74, 76, 74, 76, 74, 72, 69, 72, 67, 69, 72, 74, 72, 74, 76, 72, 67, 64, 67, 69, 67, 72, 69, 67, 72, 64, 67, 72, 74, 69, 67, 64, 67, 72, 69, 72, 67, 64, 62, 64, 67, 64, 62, 60, 67, 60, 57, 60, 67, 64, 67, 67, 69, 72, 69, 67, 64, 62, 64, 62, 60, 62, 64, 67, 72, 69, 72, 67, 76, 74, 76, 79, 76, 74, 72, 72, 76, 74, 79, 76, 74, 72, 76, 74, 76, 74, 72, 69, 72, 67, 69, 72, 72, 74, 76, 72, 72, 67, 69, 72, 72, 59, 76, 74, 76, 74, 72, 69, 72, 67, 69, 72, 72, 74, 76, 74, 76, 74, 72, 69, 72, 67, 69, 72, 74, 72, 74, 76, 72, 64, 67, 72, 69, 72, 67, 64, 67, 69, 72, 67, 72, 69, 67, 69, 72, 74, 69, 67, 64, 67, 72, 69, 72, 67, 76, 74, 76, 79, 69, 72, 76, 74, 76, 79, 69, 72, 64, 67, 72, 69, 67, 71, 69, 71, 74, 69, 67, 60, 57, 60, 67, 64, 67, 69, 72, 69, 67, 64, 67, 62, 64, 62, 60, 62, 64, 67, 72, 69, 72, 67, 76, 74, 79, 76, 74, 72, 76, 74, 79, 76, 74, 72, 74, 76, 74, 76, 74, 72, 69, 67, 69, 72], [384.0, 128.0, 512.0, 128.0, 128.0, 128.0, 128.0, 128.0, 128.0, 128.0, 128.0, 512.0, 128.0, 128.0, 128.0, 128.0, 1024.0, 128.0, 128.0, 256.0, 128.0, 128.0, 128.0, 128.0, 768.0, 256.0, 256.0, 256.0, 128.0, 128.0, 256.0, 1024.0, 256.0, 512.0, 256.0, 384.0, 128.0, 512.0, 256.0, 128.0, 128.0, 256.0, 128.0, 128.0, 768.0, 256.0, 256.0, 256.0, 512.0, 256.0, 256.0, 512.0, 256.0, 128.0, 128.0, 128.0, 128.0, 256.0, 128.0, 128.0, 128.0, 128.0, 512.0, 256.0, 512.0, 256.0, 384.0, 128.0, 512.0, 256.0, 128.0, 128.0, 256.0, 128.0, 128.0, 256.0, 768.0, 256.0, 256.0, 256.0, 128.0, 128.0, 512.0, 512.0, 128.0, 128.0, 128.0, 128.0, 128.0, 128.0, 128.0, 128.0, 256.0, 512.0, 128.0, 128.0, 256.0, 512.0, 128.0, 128.0, 256.0, 256.0, 256.0, 256.0, 128.0, 128.0, 128.0, 128.0, 128.0, 128.0, 128.0, 128.0, 1024.0, 384.0, 128.0, 512.0, 128.0, 128.0, 128.0, 128.0, 128.0, 128.0, 128.0, 128.0, 512.0, 128.0, 128.0, 128.0, 128.0, 1024.0, 256.0, 512.0, 256.0, 384.0, 128.0, 512.0, 384.0, 128.0, 256.0, 256.0, 768.0, 256.0, 256.0, 128.0, 128.0, 128.0, 128.0, 256.0, 1024.0, 256.0, 512.0, 256.0, 384.0, 128.0, 512.0, 256.0, 128.0, 128.0, 256.0, 256.0, 1024.0, 256.0, 128.0, 128.0, 256.0, 256.0, 1024.0, 384.0, 128.0, 256.0, 256.0, 1024.0, 384.0, 128.0, 128.0, 128.0, 256.0, 1024.0, 256.0, 256.0, 512.0, 256.0, 256.0, 512.0, 128.0, 128.0, 128.0, 128.0, 256.0, 256.0, 128.0, 128.0, 128.0, 128.0, 512.0, 256.0, 512.0, 256.0, 384.0, 128.0, 512.0, 256.0, 256.0, 256.0, 128.0, 128.0, 1024.0, 256.0, 256.0, 256.0, 128.0, 128.0, 384.0, 128.0, 512.0, 128.0, 128.0, 128.0, 128.0, 256.0, 128.0, 128.0, 1024.0]]"
划船号子（一）,永安市,"[[69, 72, 72, 69, 72, 59, 74, 72, 72, 59, 69, 69, 72, 72, 59, 74, 72, 69, 72, 69, 69, 69, 72, 69, 72, 76, 76, 74, 72, 59, 69, 69, 72, 64, 64, 67, 69, 69, 67, 64, 59, 69, 69, 72, 64, 64, 67, 69, 72, 69, 72, 59, 69, 69, 72, 64, 64, 67, 69, 59, 69, 72, 72], [384.0, 128.0, 512.0, 512.0, 256.0, 256.0, 384.0, 128.0, 256.0, 256.0, 128.0, 128.0, 256.0, 256.0, 256.0, 512.0, 512.0, 512.0, 512.0, 256.0, 128.0, 128.0, 256.0, 128.0, 128.0, 256.0, 128.0, 128.0, 256.0, 256.0, 256.0, 128.0, 128.0, 256.0, 128.0, 128.0, 256.0, 128.0, 128.0, 256.0, 256.0, 256.0, 128.0, 128.0, 256.0, 128.0, 128.0, 256.0, 128.0, 128.0, 256.0, 256.0, 256.0, 128.0, 128.0, 256.0, 128.0, 128.0, 512.0, 256.0, 256.0, 512.0, 1024.0]]"
别亲,福鼎县,"[[62, 67, 69, 62, 62, 67, 69, 62, 67, 62, 62, 67, 69, 62, 62, 67, 69, 62, 67, 62, 67, 62, 62, 67, 69, 62, 62, 67, 69, 62, 62, 64, 62, 62, 67, 69, 62, 62, 67, 69, 64, 62, 64, 62, 62, 67, 69, 62], [256.0, 256.0, 256.0, 512.0, 256.0, 256.0, 256.0, 256.0, 256.0, 512.0, 256.0, 256.0, 256.0, 512.0, 256.0, 256.0, 256.0, 256.0, 256.0, 256.0, 256.0, 512.0, 256.0, 256.0, 256.0, 512.0, 256.0, 256.0, 256.0, 256.0, 256.0, 256.0, 512.0, 256.0, 256.0, 256.0, 512.0, 256.0, 256.0, 256.0, 256.0, 256.0, 256.0, 512.0, 256.0, 256.0, 256.0, 512.0]]"
到春来,南平市,"[[60, 64, 62, 60, 57, 60, 62, 64, 60, 62, 60, 64, 62, 60, 62, 57, 55, 60, 64, 62, 67, 69, 67, 64, 62, 64, 62, 60, 57, 60, 62, 64, 60, 62, 64, 64, 62, 60, 62, 55, 57, 60, 57, 55, 64, 62, 64, 62, 64, 67, 69, 64, 67, 64, 62, 60, 64, 62, 69, 60, 64, 64, 62, 60, 62, 55, 57, 60, 57, 57, 64, 62, 64, 62, 64, 67, 69, 64, 67, 64, 62, 60, 64, 62, 57, 60], [384.0, 128.0, 128.0, 128.0, 128.0, 128.0, 256.0, 128.0, 128.0, 512.0, 384.0, 128.0, 256.0, 256.0, 384.0, 128.0, 512.0, 384.0, 128.0, 512.0, 256.0, 128.0, 128.0, 512.0, 384.0, 128.0, 128.0, 128.0, 128.0, 128.0, 256.0, 128.0, 128.0, 512.0, 256.0, 256.0, 256.0, 256.0, 256.0, 256.0, 128.0, 128.0, 128.0, 128.0, 128.0, 128.0, 768.0, 128.0, 128.0, 384.0, 128.0, 128.0, 128.0, 128.0, 128.0, 384.0, 128.0, 256.0, 128.0, 128.0, 256.0, 256.0, 256.0, 256.0, 256.0, 256.0, 128.0, 128.0, 128.0, 128.0, 128.0, 128.0, 512.0, 128.0, 128.0, 384.0, 128.0, 128.0, 128.0, 128.0, 128.0, 384.0, 128.0, 128.0, 128.0, 256.0]]"
十二个月歌,漳浦县,"[[69, 64, 67, 69, 67, 64, 62, 64, 67, 60, 60, 64, 67, 62, 64, 60, 67, 64, 67, 67, 69, 67, 64, 67, 64, 64, 62, 60, 62, 64, 62, 60, 62, 60, 67, 64, 67, 67, 64, 67, 64, 67, 69, 67, 59, 60, 67, 64, 59, 64, 64, 62, 60, 60, 62, 64, 62, 64, 62, 60, 64, 69, 69, 69, 67, 64, 64, 62, 60, 62, 64, 62, 64, 60, 62, 64, 62, 60, 62, 64, 62, 60, 69, 64, 67, 69, 69, 67, 64, 67, 60, 60, 64, 67, 64, 67, 64, 64, 64, 60, 60, 67, 64, 60, 64, 64, 67, 60, 67, 60, 64, 67, 64, 64, 67, 67, 64, 64, 69, 64, 67, 69, 67, 64, 60, 60, 67, 62, 64, 64, 64, 67, 64, 60, 64, 67, 64, 64, 64, 64, 62, 60, 64, 60, 64, 67, 64, 64, 64, 67, 67, 64, 67, 67, 69, 67, 62, 64, 62, 64, 60, 62, 60, 64, 67, 59, 67, 69, 69, 69, 67, 64, 64, 62, 60, 62, 64, 60, 64, 65, 64, 60, 64, 67, 69, 64, 67, 69, 67, 64, 62, 64, 67, 62, 64, 64, 64, 60, 62, 60, 60, 62, 64, 62, 60, 67, 64, 64, 69, 69, 67, 60, 67, 67, 67, 64, 64, 62, 60, 62, 64, 62, 60, 67, 69, 64, 69, 67, 64, 67, 67, 64, 67, 60, 64, 64, 60, 62, 64, 64, 60, 62, 64, 62, 60, 69, 64, 67, 69, 67, 64, 62, 64, 67, 60, 60, 64, 67, 64, 64, 67, 67, 59, 60, 60, 60, 60, 67, 64, 64, 60, 67, 59, 67, 60, 67, 69, 64, 69, 69, 67, 64, 62, 64, 67, 62, 64, 64, 64, 60, 62, 60, 64, 67, 64, 69, 69, 69, 67, 64, 64, 62, 60, 62, 64, 62, 64, 60, 62, 64, 62, 60, 62, 64, 62, 60, 67, 64, 67, 67, 69, 67, 64, 64, 62, 60, 62, 64, 64, 64, 67, 62, 64, 64, 64, 60, 62, 60, 64, 67, 64, 69, 64, 64, 67, 69, 67, 60, 64, 64, 67, 64, 64, 60, 64, 60, 64, 64, 60, 60, 67, 64, 64, 67, 64, 67, 64, 67, 64, 67, 69, 69, 67, 64, 67, 62, 64, 67, 60, 60, 57, 62, 57, 62, 64, 57, 65, 64, 57, 57, 64, 69, 67, 69, 67, 64, 64, 62, 60, 60, 60, 62, 64, 60, 62, 64, 64, 64, 64, 64, 60, 64, 65, 67, 64, 60, 64, 67, 67, 64, 60, 64, 60, 67, 62, 67, 62, 64, 62, 64, 64, 64, 60, 62, 64, 64, 64, 67, 59, 64, 64, 64, 60, 62, 64, 64, 67, 67, 60, 67, 59], [256.0, 256.0, 256.0, 256.0, 512.0, 512.0, 256.0, 256.0, 512.0, 256.0, 256.0, 256.0, 128.0, 128.0, 512.0, 512.0, 256.0, 256.0, 512.0, 256.0, 256.0, 256.0, 256.0, 512.0, 512.0, 256.0, 256.0, 512.0, 256.0, 256.0, 256.0, 256.0, 512.0, 512.0, 256.0, 256.0, 512.0, 256.0, 256.0, 256.0, 128.0, 128.0, 256.0, 256.0, 256.0, 256.0, 256.0, 256.0, 256.0, 256.0, 128.0, 128.0, 256.0, 384.0, 128.0, 256.0, 256.0, 256.0, 256.0, 512.0, 256.0, 256.0, 256.0, 256.0, 512.0, 512.0, 256.0, 256.0, 512.0, 256.0, 256.0, 256.0, 128.0, 128.0, 512.0, 256.0, 256.0, 256.0, 256.0, 256.0, 256.0, 512.0, 256.0, 256.0, 256.0, 256.0, 256.0, 768.0, 128.0, 128.0, 256.0, 256.0, 256.0, 512.0, 128.0, 128.0, 256.0, 256.0, 256.0, 256.0, 256.0, 512.0, 256.0, 256.0, 512.0, 256.0, 256.0, 512.0, 256.0, 256.0, 256.0, 256.0, 256.0, 128.0, 128.0, 512.0, 256.0, 256.0, 256.0, 128.0, 128.0, 256.0, 768.0, 256.0, 256.0, 256.0, 128.0, 128.0, 512.0, 512.0, 512.0, 512.0, 256.0, 256.0, 256.0, 128.0, 128.0, 512.0, 512.0, 256.0, 256.0, 512.0, 256.0, 256.0, 256.0, 256.0, 512.0, 512.0, 512.0, 512.0, 256.0, 256.0, 256.0, 256.0, 128.0, 384.0, 256.0, 256.0, 256.0, 128.0, 128.0, 512.0, 512.0, 512.0, 256.0, 256.0, 256.0, 256.0, 256.0, 256.0, 512.0, 512.0, 256.0, 256.0, 512.0, 256.0, 256.0, 256.0, 128.0, 128.0, 512.0, 512.0, 512.0, 512.0, 256.0, 256.0, 256.0, 256.0, 512.0, 512.0, 256.0, 256.0, 512.0, 256.0, 256.0, 256.0, 128.0, 128.0, 512.0, 512.0, 256.0, 256.0, 256.0, 256.0, 512.0, 256.0, 256.0, 256.0, 256.0, 128.0, 384.0, 256.0, 256.0, 256.0, 256.0, 512.0, 256.0, 256.0, 256.0, 256.0, 256.0, 256.0, 512.0, 256.0, 256.0, 256.0, 256.0, 512.0, 256.0, 256.0, 256.0, 256.0, 512.0, 256.0, 256.0, 256.0, 128.0, 128.0, 512.0, 512.0, 256.0, 256.0, 256.0, 256.0, 512.0, 256.0, 256.0, 256.0, 256.0, 512.0, 512.0, 256.0, 256.0, 512.0, 256.0, 256.0, 256.0, 256.0, 512.0, 512.0, 512.0, 256.0, 256.0, 256.0, 128.0, 128.0, 256.0, 256.0, 512.0, 256.0, 256.0, 256.0, 256.0, 256.0, 256.0, 512.0, 256.0, 256.0, 256.0, 256.0, 512.0, 512.0, 256.0, 256.0, 512.0, 256.0, 256.0, 256.0, 128.0, 128.0, 512.0, 512.0, 512.0, 512.0, 256.0, 256.0, 256.0, 256.0, 512.0, 512.0, 256.0, 256.0, 512.0, 256.0, 256.0, 256.0, 128.0, 128.0, 512.0, 256.0, 256.0, 256.0, 256.0, 256.0, 256.0, 512.0, 256.0, 256.0, 256.0, 256.0, 128.0, 384.0, 256.0, 256.0, 256.0, 128.0, 128.0, 512.0, 512.0, 512.0, 512.0, 256.0, 256.0, 256.0, 128.0, 128.0, 512.0, 512.0, 512.0, 512.0, 256.0, 128.0, 128.0, 256.0, 256.0, 128.0, 384.0, 256.0, 256.0, 256.0, 256.0, 512.0, 512.0, 512.0, 512.0, 256.0, 256.0, 256.0, 256.0, 256.0, 256.0, 512.0, 512.0, 256.0, 256.0, 512.0, 256.0, 128.0, 128.0, 256.0, 256.0, 256.0, 256.0, 256.0, 256.0, 256.0, 256.0, 512.0, 256.0, 256.0, 256.0, 256.0, 512.0, 256.0, 256.0, 256.0, 256.0, 256.0, 256.0, 512.0, 256.0, 256.0, 256.0, 256.0, 512.0, 512.0, 256.0, 256.0, 512.0, 256.0, 128.0, 128.0, 256.0, 128.0, 128.0, 512.0, 512.0, 512.0, 512.0, 256.0, 256.0, 256.0, 128.0, 128.0, 512.0, 512.0, 512.0, 512.0, 256.0, 256.0, 256.0, 256.0, 512.0, 256.0, 256.0, 512.0, 256.0, 256.0, 512.0, 256.0, 256.0, 256.0, 128.0, 128.0, 512.0, 512.0, 512.0, 256.0, 256.0, 256.0, 256.0, 256.0, 128.0, 128.0, 512.0, 256.0, 256.0, 256.0, 256.0, 256.0, 256.0]]"
十二月果子,福州市,"[[72, 72, 69, 69, 67, 72, 69, 67, 69, 72, 74, 74, 69, 69, 72, 72, 67, 69, 69, 67, 69, 67, 64, 67, 67, 69, 72, 69, 67, 67, 69, 69, 67, 69, 72, 62, 72, 72, 69, 67, 69, 69, 72, 69, 67, 67, 64, 67, 67, 69, 72, 69, 67, 69, 72, 69, 67, 69, 72, 74, 74, 69, 72, 69, 72, 67, 69, 69, 69, 69, 67, 64, 67, 67, 69, 69, 67, 69, 69, 67, 67, 69, 72, 69, 72, 72, 67, 69, 72, 69, 69, 67, 69, 67, 64, 67, 67, 69, 69, 67, 67, 69, 69, 72, 72, 74, 74, 69, 74, 72, 72, 67, 69, 69, 69, 69, 67, 67, 64, 64, 67, 69, 69, 67, 67, 69, 69, 67, 69, 72, 72, 72, 72, 69, 67, 69, 69, 69, 69, 69, 69, 67], [256.0, 128.0, 128.0, 256.0, 256.0, 128.0, 128.0, 128.0, 128.0, 512.0, 128.0, 384.0, 256.0, 128.0, 128.0, 128.0, 128.0, 64.0, 64.0, 64.0, 64.0, 512.0, 128.0, 128.0, 256.0, 85.33333333333333, 85.33333333333333, 85.33333333333333, 256.0, 256.0, 128.0, 128.0, 128.0, 128.0, 256.0, 128.0, 256.0, 128.0, 128.0, 128.0, 256.0, 85.33333333333333, 85.33333333333333, 85.33333333333333, 256.0, 512.0, 128.0, 128.0, 256.0, 85.33333333333333, 85.33333333333333, 85.33333333333333, 256.0, 85.33333333333333, 85.33333333333333, 85.33333333333333, 128.0, 128.0, 512.0, 256.0, 256.0, 256.0, 128.0, 128.0, 128.0, 128.0, 128.0, 128.0, 512.0, 256.0, 256.0, 128.0, 128.0, 256.0, 128.0, 128.0, 256.0, 128.0, 128.0, 256.0, 128.0, 128.0, 256.0, 128.0, 128.0, 256.0, 256.0, 85.33333333333333, 85.33333333333333, 85.33333333333333, 128.0, 128.0, 256.0, 512.0, 128.0, 128.0, 256.0, 256.0, 128.0, 128.0, 256.0, 128.0, 128.0, 256.0, 256.0, 256.0, 256.0, 128.0, 128.0, 256.0, 128.0, 128.0, 128.0, 128.0, 256.0, 128.0, 128.0, 512.0, 128.0, 128.0, 256.0, 128.0, 256.0, 128.0, 256.0, 128.0, 128.0, 128.0, 128.0, 256.0, 128.0, 128.0, 128.0, 128.0, 256.0, 128.0, 128.0, 256.0, 128.0, 128.0, 256.0, 256.0]]"
十劝哥莫抽鸦片,福清市,"[[57, 57, 60, 57, 57, 55, 57, 60, 57, 62, 60, 57, 62, 60, 62, 60, 60, 57, 57, 59, 55, 55, 57, 60, 57, 60, 62, 62, 62, 60, 57, 55, 55, 55, 60, 62, 62, 62, 60, 57, 62, 60, 57, 55, 62, 57, 57, 55, 57, 60, 60, 62, 64, 62, 57, 57, 62, 62, 59, 58, 59, 62, 59, 57, 55, 55, 55, 60, 62, 62, 60, 57, 55, 55, 60, 62, 57, 60, 57, 60, 62, 57, 57, 55], [256.0, 256.0, 128.0, 128.0, 128.0, 384.0, 256.0, 256.0, 512.0, 128.0, 128.0, 256.0, 128.0, 128.0, 128.0, 128.0, 128.0, 128.0, 128.0, 128.0, 256.0, 512.0, 256.0, 128.0, 128.0, 256.0, 384.0, 128.0, 128.0, 128.0, 128.0, 128.0, 256.0, 256.0, 256.0, 192.0, 64.0, 128.0, 128.0, 512.0, 128.0, 128.0, 256.0, 512.0, 256.0, 256.0, 256.0, 384.0, 128.0, 256.0, 256.0, 384.0, 128.0, 128.0, 128.0, 256.0, 256.0, 128.0, 128.0, 256.0, 128.0, 128.0, 128.0, 128.0, 512.0, 256.0, 256.0, 256.0, 512.0, 128.0, 128.0, 256.0, 256.0, 256.0, 256.0, 256.0, 256.0, 128.0, 384.0, 128.0, 128.0, 256.0, 128.0, 384.0]]"
十劝禁烟,连江县,"[[57, 60, 60, 60, 62, 60, 57, 62, 60, 57, 57, 57, 60, 57, 55, 55, 57, 60, 55, 60, 57, 57, 60, 62, 60, 57, 60, 62, 60, 57, 55, 64, 62, 64, 60, 64, 62, 60, 62, 60, 57, 60, 62, 57, 55, 57, 60, 57, 55, 57, 60, 60, 62, 62, 60, 57, 60, 62, 60, 57, 55], [256.0, 256.0, 256.0, 768.0, 256.0, 256.0, 1024.0, 256.0, 256.0, 256.0, 768.0, 256.0, 256.0, 256.0, 768.0, 256.0, 256.0, 256.0, 768.0, 256.0, 256.0, 256.0, 768.0, 256.0, 256.0, 256.0, 768.0, 256.0, 256.0, 256.0, 768.0, 256.0, 256.0, 256.0, 768.0, 256.0, 256.0, 1024.0, 256.0, 256.0, 256.0, 768.0, 256.0, 256.0, 1024.0, 256.0, 256.0, 256.0, 768.0, 256.0, 256.0, 256.0, 768.0, 256.0, 256.0, 256.0, 768.0, 256.0, 256.0, 256.0, 768.0]]"
十劝郎,松溪县,"[[76, 74, 76, 74, 72, 69, 72, 69, 64, 67, 72, 69, 69, 67, 69, 72, 67, 67, 67, 69, 72, 69, 67, 64, 67, 67, 69, 72, 72, 69, 67, 72, 69, 72, 69, 67, 69, 76, 74, 76, 72, 69, 72, 69, 67, 67, 69, 72, 67, 69, 72, 69, 69, 72, 69, 64, 67, 72, 69, 74, 72, 72, 69, 67, 69, 74, 69, 67, 69], [512.0, 256.0, 256.0, 512.0, 512.0, 256.0, 256.0, 256.0, 256.0, 1024.0, 256.0, 256.0, 512.0, 256.0, 256.0, 512.0, 256.0, 256.0, 256.0, 256.0, 256.0, 256.0, 512.0, 256.0, 128.0, 128.0, 256.0, 256.0, 256.0, 128.0, 128.0, 512.0, 512.0, 128.0, 128.0, 256.0, 1024.0, 384.0, 128.0, 256.0, 256.0, 128.0, 128.0, 128.0, 128.0, 512.0, 256.0, 256.0, 128.0, 128.0, 256.0, 1024.0, 256.0, 256.0, 256.0, 256.0, 1024.0, 256.0, 256.0, 512.0, 256.0, 512.0, 256.0, 768.0, 256.0, 256.0, 128.0, 128.0, 512.0]]"
十和顺,诏安县,"[[60, 60, 62, 64, 62, 64, 62, 64, 60, 57, 55, 57, 60, 60, 62, 55, 57, 55, 62, 64, 62, 64, 57, 60, 62, 62, 64, 67, 69, 67, 64, 62, 60, 62, 64, 67, 69, 67, 64, 62, 60, 62, 64, 62, 60, 62, 64, 62, 64, 62, 64, 60, 57, 55, 57, 60, 60, 62, 64, 67, 57, 55, 57, 60, 60, 57, 60, 55, 57, 55, 57, 55, 60, 60, 57, 60, 55, 55, 57, 55, 57, 55], [256.0, 128.0, 128.0, 512.0, 256.0, 256.0, 128.0, 128.0, 256.0, 256.0, 128.0, 128.0, 512.0, 512.0, 512.0, 768.0, 256.0, 1024.0, 384.0, 128.0, 128.0, 128.0, 128.0, 128.0, 1024.0, 384.0, 128.0, 256.0, 128.0, 128.0, 256.0, 256.0, 512.0, 384.0, 128.0, 256.0, 128.0, 128.0, 256.0, 256.0, 512.0, 768.0, 256.0, 1024.0, 384.0, 128.0, 512.0, 384.0, 128.0, 128.0, 128.0, 256.0, 256.0, 128.0, 128.0, 512.0, 512.0, 256.0, 256.0, 768.0, 256.0, 1024.0, 512.0, 512.0, 512.0, 256.0, 256.0, 768.0, 256.0, 1024.0, 256.0, 256.0, 512.0, 512.0, 256.0, 256.0, 1024.0, 512.0, 512.0, 768.0, 256.0, 1024.0]]"
十字歌,上杭县,"[[62, 62, 62, 62, 62, 55, 57, 60, 62, 60, 60, 62, 64, 62, 60, 57, 62, 62, 62, 62, 57, 55, 57, 62, 60, 57, 55, 57, 60, 55, 62, 62, 62, 62, 57, 57, 60, 57, 60, 62, 57, 60, 62, 64, 62, 60, 57, 62, 62, 62, 62, 62, 60, 57, 60, 55, 55, 57, 60, 55, 62, 62, 62, 62, 62, 55, 57, 60, 55, 55, 57, 60, 55, 60, 57, 60, 64, 62, 60, 62, 62, 60, 62, 57, 55, 52, 55, 60, 57, 62, 57, 57, 55, 57, 52, 55, 50, 52, 55, 52, 55], [256.0, 256.0, 256.0, 256.0, 512.0, 512.0, 512.0, 512.0, 1024.0, 256.0, 256.0, 256.0, 256.0, 512.0, 512.0, 1024.0, 256.0, 256.0, 256.0, 256.0, 256.0, 256.0, 256.0, 256.0, 1024.0, 256.0, 256.0, 256.0, 256.0, 1024.0, 256.0, 256.0, 256.0, 256.0, 512.0, 256.0, 256.0, 512.0, 512.0, 1024.0, 256.0, 256.0, 256.0, 256.0, 512.0, 512.0, 1024.0, 256.0, 256.0, 256.0, 256.0, 512.0, 256.0, 256.0, 1024.0, 256.0, 256.0, 256.0, 256.0, 1024.0, 256.0, 256.0, 256.0, 256.0, 512.0, 256.0, 256.0, 1024.0, 256.0, 256.0, 256.0, 256.0, 1024.0, 256.0, 256.0, 256.0, 256.0, 256.0, 256.0, 512.0, 256.0, 256.0, 384.0, 128.0, 256.0, 256.0, 512.0, 256.0, 256.0, 256.0, 256.0, 256.0, 256.0, 512.0, 256.0, 256.0, 256.0, 256.0, 256.0, 256.0, 512.0]]"
十把锄头,闽侯县,"[[62, 62, 62, 62, 60, 60, 55, 60, 57, 60, 60, 60, 57, 55, 55, 57, 60, 57, 60, 55, 57, 55, 62, 62, 62, 62, 60, 60, 55, 60, 57, 60, 60, 60, 57, 55, 57, 55, 57, 57, 57, 57, 55, 55, 62, 60, 57, 60, 55, 55, 57, 60, 60, 60, 57, 55, 57, 60, 57, 57, 57, 55, 55, 55, 62, 60, 57, 60, 60, 57, 55, 60, 57, 60, 57, 57, 55, 55, 57, 57, 57, 55, 55], [256.0, 256.0, 256.0, 128.0, 128.0, 256.0, 256.0, 128.0, 128.0, 384.0, 128.0, 128.0, 128.0, 256.0, 128.0, 128.0, 384.0, 256.0, 128.0, 128.0, 128.0, 512.0, 256.0, 256.0, 256.0, 128.0, 128.0, 256.0, 256.0, 128.0, 128.0, 384.0, 128.0, 256.0, 128.0, 128.0, 128.0, 128.0, 384.0, 128.0, 256.0, 128.0, 128.0, 512.0, 256.0, 256.0, 256.0, 512.0, 256.0, 128.0, 128.0, 384.0, 128.0, 128.0, 128.0, 128.0, 128.0, 256.0, 512.0, 256.0, 128.0, 128.0, 384.0, 128.0, 256.0, 256.0, 256.0, 512.0, 128.0, 128.0, 256.0, 512.0, 256.0, 128.0, 128.0, 128.0, 128.0, 256.0, 256.0, 256.0, 128.0, 128.0, 512.0]]"
十盏花灯,建阳县,"[[64, 67, 67, 67, 69, 72, 69, 69, 72, 74, 74, 72, 69, 74, 72, 69, 72, 69, 67, 67, 69, 72, 69, 74, 72, 72, 74, 67, 69, 69, 69, 74, 72, 67, 69, 72, 69, 72, 69, 67, 67], [128.0, 128.0, 256.0, 128.0, 128.0, 256.0, 256.0, 128.0, 128.0, 256.0, 256.0, 256.0, 256.0, 256.0, 256.0, 256.0, 128.0, 128.0, 256.0, 256.0, 256.0, 128.0, 128.0, 256.0, 256.0, 256.0, 128.0, 128.0, 256.0, 256.0, 256.0, 128.0, 128.0, 128.0, 128.0, 256.0, 256.0, 128.0, 128.0, 256.0, 256.0]]"
半夜鸟仔叫丝丝,光泽县,"[[62, 60, 69, 69, 67, 67, 64, 67, 69, 67, 64, 64, 67, 64, 57, 57, 57, 57, 67, 69, 67, 67, 64, 64, 69, 67, 64, 64, 64, 57, 57], [128.0, 384.0, 128.0, 384.0, 128.0, 384.0, 512.0, 128.0, 384.0, 128.0, 384.0, 64.0, 256.0, 256.0, 128.0, 512.0, 128.0, 384.0, 128.0, 384.0, 128.0, 384.0, 512.0, 128.0, 384.0, 128.0, 384.0, 128.0, 256.0, 128.0, 512.0]]"
厦门出有鼓浪屿（一）,厦门市,"[[60, 60, 60, 55, 60, 62, 64, 64, 67, 67, 64, 62, 60, 62, 64, 62, 62, 60, 60, 60, 55, 60, 64, 62, 60, 57, 60, 62, 60, 60, 57, 55, 57, 55, 55], [256.0, 256.0, 512.0, 512.0, 256.0, 256.0, 512.0, 512.0, 256.0, 256.0, 512.0, 256.0, 256.0, 256.0, 256.0, 512.0, 512.0, 256.0, 256.0, 512.0, 512.0, 256.0, 256.0, 256.0, 256.0, 512.0, 256.0, 256.0, 512.0, 256.0, 256.0, 256.0, 256.0, 512.0, 512.0]]"
古人歌,大田县,"[[64, 61, 57, 60, 61, 57, 57, 57, 61, 57, 61, 64, 57, 60, 57, 57, 57, 57, 57, 60, 57, 60, 57, 64, 61, 57, 60, 64, 57, 57, 62, 60], [256.0, 256.0, 256.0, 256.0, 256.0, 768.0, 1024.0, 256.0, 256.0, 256.0, 256.0, 256.0, 768.0, 1024.0, 256.0, 256.0, 256.0, 256.0, 256.0, 512.0, 128.0, 128.0, 1024.0, 256.0, 256.0, 256.0, 256.0, 256.0, 512.0, 128.0, 128.0, 1024.0]]"
啥人创造江海水,云霄县,"[[76, 74, 76, 72, 72, 74, 72, 74, 72, 74, 72, 74, 69, 74, 72, 74, 72, 74, 76, 76, 67, 71, 72, 71, 72, 72, 74, 67, 71, 72, 72, 74, 72, 72, 71, 74, 72, 74, 67, 72, 67, 71, 67, 72, 65, 67, 74, 72, 71, 72, 71, 72, 72], [256.0, 512.0, 256.0, 256.0, 256.0, 1024.0, 256.0, 256.0, 128.0, 128.0, 128.0, 128.0, 512.0, 256.0, 256.0, 256.0, 768.0, 256.0, 768.0, 256.0, 768.0, 128.0, 128.0, 768.0, 256.0, 768.0, 256.0, 512.0, 256.0, 256.0, 256.0, 256.0, 768.0, 256.0, 256.0, 256.0, 128.0, 128.0, 1024.0, 256.0, 256.0, 256.0, 768.0, 128.0, 128.0, 768.0, 256.0, 768.0, 128.0, 128.0, 768.0, 256.0, 768.0]]"
因为恋妹吃了亏,顺昌县,"[[74, 72, 74, 74, 72, 74, 72, 74, 74, 72, 69, 72, 74, 72, 74, 74, 72, 74, 72, 74, 69, 67, 67, 72, 72, 74, 74, 72, 72, 74, 74, 72, 69, 72, 72, 72, 74, 74, 72, 74, 72, 74, 69, 67, 67, 67, 67, 67], [256.0, 256.0, 256.0, 256.0, 512.0, 256.0, 128.0, 128.0, 256.0, 128.0, 128.0, 512.0, 256.0, 256.0, 256.0, 256.0, 512.0, 256.0, 128.0, 128.0, 256.0, 256.0, 512.0, 256.0, 256.0, 256.0, 256.0, 512.0, 256.0, 256.0, 256.0, 128.0, 128.0, 512.0, 256.0, 256.0, 256.0, 256.0, 512.0, 256.0, 128.0, 128.0, 256.0, 256.0, 512.0, 256.0, 256.0, 1024.0]]"
大姐与轿夫对歌,宁德市,"[[67, 72, 72, 67, 69, 72, 69, 67, 69, 67, 69, 69, 62, 60, 67, 62, 60, 60, 69, 67, 64, 60, 60, 69, 67, 69, 69, 62, 67, 60, 60, 62, 60, 57, 60, 60, 62, 60, 60, 62, 69, 67, 67, 64, 62, 64, 60, 60, 62, 60, 62, 57, 60, 57, 60, 60, 67, 64, 62, 60, 62, 64, 64, 60, 62, 69, 69, 67, 72, 64, 72, 72, 67, 69, 60, 62, 67, 69, 69, 60, 64, 60, 62, 60, 67, 69, 69, 60, 64, 60, 69, 67, 64, 60, 62, 67, 69, 64, 60, 60, 62, 60, 57, 60, 57, 60, 60, 64, 62, 60, 62, 64, 64, 67, 64, 60, 62, 60, 60, 57, 60, 60, 67, 64, 60, 60, 62, 64, 60, 60, 64, 62], [256.0, 256.0, 256.0, 256.0, 256.0, 256.0, 256.0, 256.0, 256.0, 128.0, 128.0, 256.0, 512.0, 256.0, 256.0, 512.0, 512.0, 256.0, 256.0, 512.0, 256.0, 256.0, 256.0, 256.0, 256.0, 256.0, 256.0, 512.0, 256.0, 256.0, 384.0, 512.0, 256.0, 256.0, 256.0, 256.0, 512.0, 256.0, 256.0, 256.0, 256.0, 256.0, 256.0, 256.0, 512.0, 256.0, 256.0, 256.0, 512.0, 512.0, 256.0, 256.0, 256.0, 256.0, 256.0, 256.0, 256.0, 128.0, 128.0, 256.0, 512.0, 256.0, 256.0, 256.0, 512.0, 256.0, 256.0, 256.0, 256.0, 256.0, 256.0, 256.0, 256.0, 256.0, 256.0, 512.0, 256.0, 256.0, 256.0, 256.0, 256.0, 256.0, 512.0, 512.0, 256.0, 256.0, 256.0, 256.0, 256.0, 256.0, 256.0, 128.0, 128.0, 256.0, 512.0, 256.0, 256.0, 256.0, 256.0, 256.0, 512.0, 256.0, 256.0, 256.0, 256.0, 512.0, 256.0, 256.0, 512.0, 256.0, 256.0, 256.0, 512.0, 256.0, 256.0, 512.0, 512.0, 512.0, 256.0, 256.0, 256.0, 512.0, 256.0, 256.0, 512.0, 256.0, 512.0, 256.0, 256.0, 256.0, 256.0, 1024.0]]"
大水流落得个某,平和县,"[[74, 72, 74, 76, 76, 76, 74, 72, 74, 69, 74, 69, 72, 74, 72, 69, 72, 72, 69, 72, 74, 74, 72, 69, 72, 67, 71, 69, 69, 69, 71, 69, 67, 69], [256.0, 128.0, 128.0, 256.0, 256.0, 128.0, 128.0, 256.0, 512.0, 256.0, 256.0, 256.0, 256.0, 128.0, 128.0, 256.0, 512.0, 256.0, 256.0, 256.0, 256.0, 128.0, 128.0, 256.0, 512.0, 256.0, 128.0, 128.0, 256.0, 256.0, 128.0, 128.0, 256.0, 512.0]]"
好花栽着没好园,古田县,"[[72, 69, 69, 64, 69, 72, 69, 69, 67, 64, 64, 67, 64, 69, 64, 67, 64, 59, 64, 62, 59, 64, 64, 64, 67, 71, 69, 67, 69, 69, 67, 64, 69, 64, 67, 64, 59, 72, 69, 69, 64, 69, 72, 69, 69, 67, 64, 64, 67, 64, 69, 64, 67, 64, 59, 64, 59, 64, 64, 64, 67, 71, 69, 67, 69, 69, 67, 64, 69, 67, 64, 67, 64, 59], [256.0, 256.0, 256.0, 256.0, 256.0, 256.0, 512.0, 128.0, 128.0, 256.0, 256.0, 128.0, 128.0, 256.0, 256.0, 512.0, 256.0, 256.0, 128.0, 128.0, 256.0, 256.0, 256.0, 256.0, 256.0, 256.0, 256.0, 256.0, 256.0, 128.0, 128.0, 256.0, 256.0, 256.0, 512.0, 256.0, 256.0, 256.0, 256.0, 256.0, 256.0, 256.0, 256.0, 512.0, 128.0, 128.0, 256.0, 256.0, 128.0, 128.0, 256.0, 256.0, 512.0, 256.0, 256.0, 256.0, 256.0, 256.0, 256.0, 256.0, 256.0, 256.0, 256.0, 256.0, 256.0, 128.0, 128.0, 256.0, 128.0, 128.0, 256.0, 512.0, 256.0, 256.0]]"
宝塔茶,福安市,"[[69, 69, 67, 69, 67, 64, 60, 60, 69, 69, 67, 60, 69, 67, 64, 60, 62, 60, 67, 69, 69, 67, 67, 64, 60, 67, 69, 64, 62, 69, 64, 62, 72, 69, 72, 64, 67, 64, 72, 69, 69, 67, 69, 64, 62, 60, 67, 62, 67, 69, 64, 60, 64, 60, 60, 69, 69, 64, 67, 60, 62, 60, 64, 62, 57], [256.0, 128.0, 128.0, 128.0, 128.0, 512.0, 256.0, 256.0, 768.0, 256.0, 256.0, 256.0, 512.0, 256.0, 128.0, 128.0, 768.0, 256.0, 256.0, 256.0, 512.0, 256.0, 128.0, 128.0, 768.0, 256.0, 256.0, 256.0, 512.0, 256.0, 256.0, 768.0, 256.0, 128.0, 128.0, 256.0, 512.0, 256.0, 256.0, 768.0, 256.0, 128.0, 128.0, 256.0, 512.0, 256.0, 256.0, 768.0, 256.0, 256.0, 256.0, 512.0, 256.0, 256.0, 256.0, 512.0, 256.0, 128.0, 128.0, 256.0, 512.0, 256.0, 256.0, 512.0, 256.0]]"
尽打尽骂也要行当前,邵武市,"[[76, 76, 72, 74, 76, 69, 76, 76, 69, 74, 74, 76, 71, 76, 74, 74, 76, 74, 74, 69, 69, 69, 74, 69, 69, 69, 69, 69, 59, 74, 76, 76, 76, 74, 76, 69, 74, 72, 74, 72, 72, 69, 69, 69, 74, 74, 72, 69, 69, 72, 69, 69, 72, 74, 74, 72, 74, 74, 72, 69, 69, 69, 74, 69, 69, 69, 69, 69, 59, 74, 74, 76, 74, 69, 69, 74, 69, 76, 69, 76, 69, 72, 69, 69, 69, 64, 74, 72, 74, 69, 69, 69, 72, 74, 69, 69, 69, 69, 74, 69, 69, 69, 74, 72, 72, 74, 72, 69, 72, 74, 69, 69, 69, 69, 59], [256.0, 128.0, 128.0, 512.0, 768.0, 128.0, 128.0, 256.0, 256.0, 256.0, 128.0, 128.0, 256.0, 256.0, 256.0, 128.0, 128.0, 256.0, 256.0, 256.0, 128.0, 128.0, 256.0, 256.0, 256.0, 256.0, 512.0, 256.0, 256.0, 256.0, 256.0, 256.0, 256.0, 256.0, 256.0, 512.0, 256.0, 256.0, 256.0, 128.0, 128.0, 256.0, 256.0, 512.0, 256.0, 128.0, 128.0, 256.0, 128.0, 128.0, 256.0, 128.0, 128.0, 256.0, 128.0, 128.0, 256.0, 128.0, 128.0, 256.0, 128.0, 128.0, 256.0, 256.0, 256.0, 256.0, 512.0, 256.0, 256.0, 256.0, 128.0, 128.0, 256.0, 128.0, 128.0, 256.0, 256.0, 512.0, 256.0, 256.0, 256.0, 128.0, 128.0, 256.0, 256.0, 512.0, 256.0, 128.0, 128.0, 256.0, 256.0, 256.0, 128.0, 128.0, 256.0, 256.0, 256.0, 128.0, 128.0, 256.0, 256.0, 256.0, 128.0, 128.0, 256.0, 128.0, 128.0, 256.0, 128.0, 128.0, 256.0, 256.0, 512.0, 256.0, 256.0]]"
开声唱起柳莲花,寿宁县,"[[67, 67, 64, 72, 72, 64, 67, 64, 62, 64, 57, 60, 62, 64, 60, 62, 55, 64, 64, 57, 60, 60, 62, 55, 59, 64, 57, 62, 64, 64, 60, 60, 55, 67, 64, 69, 69, 67, 62, 62, 59, 64, 62, 57, 60, 60, 60, 57, 55, 59, 64, 69, 69, 67, 67, 64, 64, 62, 64, 57, 57, 60, 60, 64, 62, 55, 59], [256.0, 768.0, 256.0, 256.0, 256.0, 256.0, 1024.0, 128.0, 256.0, 128.0, 256.0, 768.0, 256.0, 256.0, 256.0, 256.0, 1024.0, 256.0, 256.0, 256.0, 768.0, 384.0, 128.0, 768.0, 256.0, 256.0, 768.0, 256.0, 512.0, 256.0, 256.0, 256.0, 1024.0, 256.0, 768.0, 256.0, 256.0, 256.0, 256.0, 512.0, 512.0, 256.0, 256.0, 256.0, 512.0, 256.0, 256.0, 256.0, 768.0, 256.0, 256.0, 256.0, 256.0, 768.0, 256.0, 256.0, 256.0, 768.0, 256.0, 256.0, 256.0, 512.0, 256.0, 256.0, 256.0, 768.0, 256.0]]"
彩虹万里天空悬,福安市,"[[64, 64, 62, 62, 62, 62, 62, 60, 55, 62, 57, 62, 62, 57, 60, 57, 55, 57, 60, 55, 55, 57, 57, 60, 60, 59, 57, 60, 55, 57, 57, 57, 62, 62, 62, 57, 59, 59, 62, 60, 60, 57, 55, 57, 60, 55, 60, 55, 57, 57, 60, 55, 57, 60, 55, 59, 59, 57, 62, 62, 59, 62, 62, 62, 57, 60, 60, 55, 60, 57, 57, 60, 55, 60, 57, 60, 60, 57, 55, 55, 57, 59, 57, 57, 62, 59, 62, 62, 62, 59, 59, 55, 60, 57, 55, 60, 55], [256.0, 512.0, 256.0, 256.0, 768.0, 512.0, 256.0, 256.0, 1024.0, 256.0, 512.0, 256.0, 512.0, 256.0, 256.0, 256.0, 512.0, 256.0, 512.0, 512.0, 1024.0, 256.0, 256.0, 256.0, 256.0, 512.0, 256.0, 256.0, 768.0, 256.0, 256.0, 256.0, 512.0, 512.0, 256.0, 256.0, 256.0, 512.0, 256.0, 512.0, 256.0, 256.0, 768.0, 256.0, 512.0, 256.0, 256.0, 1024.0, 256.0, 512.0, 256.0, 512.0, 256.0, 256.0, 1024.0, 512.0, 256.0, 256.0, 512.0, 256.0, 256.0, 256.0, 512.0, 256.0, 256.0, 256.0, 512.0, 768.0, 256.0, 256.0, 256.0, 512.0, 1024.0, 256.0, 256.0, 256.0, 256.0, 512.0, 512.0, 768.0, 256.0, 256.0, 256.0, 512.0, 512.0, 512.0, 256.0, 512.0, 256.0, 512.0, 512.0, 768.0, 256.0, 256.0, 512.0, 256.0, 1024.0]]"
彭军来打我畲乡,顺县县,"[[72, 64, 64, 64, 67, 72, 67, 67, 72, 74, 74, 72, 69, 67, 67, 72, 74, 72, 72, 67, 67, 67, 64, 64, 72, 67, 67, 72, 74, 72, 72, 69, 67, 67, 69, 74, 72, 72, 67, 67], [256.0, 128.0, 128.0, 256.0, 256.0, 512.0, 256.0, 512.0, 256.0, 512.0, 768.0, 128.0, 128.0, 512.0, 256.0, 384.0, 128.0, 256.0, 512.0, 768.0, 768.0, 256.0, 512.0, 256.0, 512.0, 256.0, 512.0, 128.0, 128.0, 512.0, 128.0, 128.0, 512.0, 128.0, 128.0, 512.0, 256.0, 512.0, 768.0, 768.0]]"
思想才郎歌,长汀县,"[[60, 60, 60, 57, 69, 64, 62, 64, 64, 62, 60, 62, 64, 67, 62, 60, 62, 64, 64, 64, 64, 64, 62, 60, 60, 62, 57, 62, 59, 57, 55, 55, 57], [256.0, 256.0, 256.0, 256.0, 384.0, 128.0, 512.0, 256.0, 128.0, 128.0, 128.0, 128.0, 128.0, 128.0, 384.0, 128.0, 512.0, 256.0, 128.0, 128.0, 256.0, 128.0, 128.0, 256.0, 256.0, 512.0, 384.0, 128.0, 256.0, 256.0, 256.0, 256.0, 512.0]]"
想情哥,永安市,"[[64, 67, 64, 64, 67, 64, 67, 64, 60, 64, 64, 60, 60, 64, 67, 64, 64, 60, 57, 60, 60, 60, 64, 60, 60, 64, 67, 64, 60, 60, 67, 64, 67, 64, 60, 64, 67, 64, 64, 60, 57, 60], [256.0, 256.0, 256.0, 128.0, 128.0, 128.0, 128.0, 256.0, 384.0, 128.0, 256.0, 128.0, 128.0, 128.0, 128.0, 256.0, 256.0, 256.0, 256.0, 768.0, 256.0, 128.0, 128.0, 128.0, 128.0, 128.0, 128.0, 256.0, 128.0, 128.0, 128.0, 256.0, 128.0, 256.0, 256.0, 128.0, 128.0, 256.0, 256.0, 256.0, 128.0, 256.0]]"
手提花篮去摘茄,光泽县,"[[60, 60, 60, 64, 67, 60, 60, 64, 60, 60, 60, 64, 67, 67, 64, 67, 64, 60, 59, 60, 60, 60, 60, 64, 62, 64, 60, 60, 60, 60, 60, 60, 60, 67, 64, 67, 67, 64, 60, 64, 64, 60, 60, 64, 60, 60, 60, 64, 67, 60, 67, 67, 64, 60, 60, 60, 60, 60, 67, 64, 67, 64, 64, 60, 60, 59, 60, 60, 60, 60, 60, 60, 67, 67, 64, 67, 67, 64, 60, 64, 67, 67, 64, 67, 64, 60, 60, 64, 60, 60, 60, 64, 67, 67, 64, 67, 64, 67, 64, 60, 60, 60, 60, 60, 67, 64, 67, 64, 64, 60, 60, 59, 60, 60, 60, 60, 60, 60, 60, 67, 67, 64, 67, 67, 64, 60, 60, 59, 60, 67, 64, 60, 59, 60, 60, 60, 64, 60, 60, 60, 60, 67, 67, 67, 64, 60, 60, 60, 60, 60, 60, 60, 67, 64, 67, 67, 64, 60, 64, 67, 67, 64, 60, 59, 60, 64, 60, 60, 60, 67, 67, 67, 64, 60, 60, 60, 60, 60, 67, 67, 67, 64, 67, 67, 64, 60, 60, 59, 67, 67, 67, 64, 60, 60, 64, 60, 60, 60, 67, 67, 67, 64, 60, 60, 59, 60, 60, 67, 67, 67, 64, 67, 67, 60, 64, 67, 67, 64, 60, 60, 64, 60, 60, 60, 67, 67, 67, 64, 67, 64, 60, 60, 60, 60, 60, 67, 64, 67, 64, 64, 60, 60, 59], [256.0, 256.0, 256.0, 128.0, 128.0, 512.0, 256.0, 512.0, 256.0, 256.0, 256.0, 256.0, 512.0, 512.0, 256.0, 256.0, 512.0, 256.0, 256.0, 128.0, 128.0, 256.0, 256.0, 512.0, 128.0, 128.0, 512.0, 128.0, 384.0, 128.0, 128.0, 128.0, 128.0, 512.0, 256.0, 256.0, 256.0, 256.0, 512.0, 256.0, 256.0, 256.0, 256.0, 512.0, 256.0, 256.0, 256.0, 128.0, 128.0, 512.0, 512.0, 256.0, 256.0, 256.0, 512.0, 128.0, 128.0, 256.0, 256.0, 256.0, 256.0, 256.0, 256.0, 768.0, 512.0, 256.0, 128.0, 384.0, 128.0, 128.0, 128.0, 128.0, 384.0, 128.0, 256.0, 256.0, 256.0, 256.0, 512.0, 256.0, 256.0, 256.0, 128.0, 128.0, 256.0, 256.0, 256.0, 512.0, 256.0, 256.0, 256.0, 256.0, 512.0, 512.0, 128.0, 128.0, 128.0, 128.0, 256.0, 256.0, 512.0, 128.0, 128.0, 256.0, 256.0, 256.0, 256.0, 512.0, 256.0, 512.0, 512.0, 256.0, 384.0, 128.0, 256.0, 256.0, 128.0, 128.0, 256.0, 256.0, 256.0, 256.0, 256.0, 256.0, 256.0, 256.0, 256.0, 256.0, 256.0, 256.0, 256.0, 256.0, 256.0, 128.0, 384.0, 128.0, 384.0, 256.0, 256.0, 256.0, 256.0, 256.0, 512.0, 512.0, 128.0, 128.0, 256.0, 512.0, 256.0, 256.0, 256.0, 256.0, 512.0, 256.0, 256.0, 256.0, 256.0, 512.0, 256.0, 512.0, 256.0, 512.0, 512.0, 256.0, 256.0, 512.0, 256.0, 256.0, 256.0, 256.0, 512.0, 512.0, 256.0, 256.0, 512.0, 256.0, 256.0, 256.0, 256.0, 256.0, 256.0, 256.0, 256.0, 256.0, 256.0, 512.0, 512.0, 256.0, 256.0, 256.0, 256.0, 256.0, 512.0, 256.0, 512.0, 256.0, 256.0, 256.0, 256.0, 512.0, 512.0, 256.0, 256.0, 256.0, 512.0, 256.0, 256.0, 256.0, 128.0, 128.0, 256.0, 256.0, 256.0, 512.0, 256.0, 256.0, 256.0, 256.0, 512.0, 256.0, 512.0, 256.0, 256.0, 256.0, 256.0, 512.0, 512.0, 256.0, 256.0, 256.0, 256.0, 128.0, 128.0, 256.0, 256.0, 256.0, 512.0, 256.0, 256.0, 256.0, 768.0, 512.0, 256.0]]"
扑蝶,政和县,"[[72, 69, 72, 69, 72, 69, 67, 67, 67, 69, 72, 69, 72, 69, 72, 67, 69, 72, 69, 72, 69, 72, 69, 67, 67, 67, 69, 67, 72, 67, 69, 74, 72, 69, 69, 69, 67, 72, 69, 69, 69, 67], [128.0, 128.0, 256.0, 128.0, 128.0, 128.0, 128.0, 256.0, 128.0, 128.0, 128.0, 128.0, 256.0, 128.0, 128.0, 256.0, 512.0, 128.0, 128.0, 256.0, 128.0, 128.0, 128.0, 128.0, 256.0, 128.0, 128.0, 256.0, 256.0, 128.0, 128.0, 256.0, 256.0, 128.0, 64.0, 64.0, 256.0, 256.0, 128.0, 128.0, 256.0, 512.0]]"
打石号子,松溪县,"[[67, 76, 72, 72, 72, 74, 74, 74, 74, 72, 74, 74, 72, 69, 69, 69, 72, 69, 74, 74, 72, 69, 72, 72, 72, 69, 72, 69, 67, 67, 72, 69, 67, 67, 67, 72, 69, 69, 69, 67, 67, 67, 67, 69, 67, 67, 74, 72, 72, 72, 76, 74, 74, 74, 74, 72, 74, 72, 69, 72, 69, 69, 67, 74, 74, 72], [256.0, 128.0, 128.0, 128.0, 128.0, 256.0, 128.0, 128.0, 128.0, 128.0, 128.0, 128.0, 128.0, 128.0, 128.0, 128.0, 128.0, 128.0, 128.0, 128.0, 128.0, 128.0, 128.0, 128.0, 128.0, 128.0, 128.0, 128.0, 128.0, 128.0, 128.0, 128.0, 128.0, 128.0, 256.0, 128.0, 128.0, 256.0, 128.0, 128.0, 128.0, 128.0, 128.0, 128.0, 128.0, 128.0, 128.0, 128.0, 128.0, 128.0, 128.0, 128.0, 128.0, 128.0, 128.0, 128.0, 256.0, 128.0, 128.0, 128.0, 128.0, 128.0, 128.0, 256.0, 128.0, 128.0]]"
拉船上岸号子,惠安县,"[[72, 69, 67, 64, 67, 69, 72, 74, 72, 74, 72, 67, 72, 69, 67, 72, 69, 67, 64, 67, 69, 69, 67, 67, 64, 67, 64, 62, 67, 72, 67, 64, 67, 69, 72, 74, 72, 72, 67, 72, 69, 67, 72, 69, 67, 64, 67, 69, 69, 67, 67, 64, 67, 64, 62], [384.0, 128.0, 256.0, 256.0, 512.0, 512.0, 384.0, 128.0, 128.0, 128.0, 128.0, 128.0, 384.0, 128.0, 512.0, 512.0, 256.0, 128.0, 128.0, 512.0, 512.0, 512.0, 256.0, 128.0, 128.0, 384.0, 128.0, 512.0, 384.0, 128.0, 256.0, 256.0, 512.0, 512.0, 384.0, 128.0, 170.66666666666666, 170.66666666666666, 170.66666666666666, 384.0, 128.0, 512.0, 512.0, 256.0, 128.0, 128.0, 512.0, 512.0, 512.0, 256.0, 128.0, 128.0, 384.0, 128.0, 512.0]]"
插秧歌,建瓯县,"[[76, 72, 74, 76, 76, 72, 74, 76, 74, 76, 72, 72, 72, 72, 74, 72, 72, 59, 76, 72, 74, 76, 76, 72, 74, 76, 74, 59, 74, 76, 72, 74, 72, 74, 72, 72, 59], [256.0, 256.0, 256.0, 512.0, 256.0, 256.0, 128.0, 128.0, 512.0, 256.0, 256.0, 256.0, 512.0, 256.0, 128.0, 128.0, 256.0, 512.0, 256.0, 256.0, 256.0, 512.0, 256.0, 256.0, 128.0, 128.0, 256.0, 256.0, 256.0, 256.0, 256.0, 512.0, 256.0, 128.0, 128.0, 256.0, 512.0]]"
摇到江中拾荔枝,长乐县,"[[67, 64, 64, 62, 62, 64, 62, 60, 62, 64, 62, 60, 64, 64, 62, 62, 64, 64, 62, 60, 64, 64, 62, 64, 62, 60, 67, 67, 64, 62, 64, 62, 62], [128.0, 128.0, 128.0, 128.0, 512.0, 128.0, 128.0, 256.0, 512.0, 64.0, 64.0, 384.0, 128.0, 128.0, 256.0, 256.0, 256.0, 128.0, 384.0, 256.0, 256.0, 128.0, 384.0, 64.0, 64.0, 384.0, 128.0, 128.0, 256.0, 256.0, 128.0, 128.0, 512.0]]"
摇钱树上摘黄金,寿宁县,"[[67, 69, 67, 64, 64, 60, 62, 60, 62, 64, 62, 62, 67, 64, 64, 60, 64, 62, 64, 62, 60, 57, 55, 57, 60, 57, 62, 60, 57, 55, 57], [256.0, 128.0, 128.0, 512.0, 256.0, 256.0, 512.0, 128.0, 128.0, 256.0, 512.0, 256.0, 256.0, 256.0, 256.0, 256.0, 256.0, 128.0, 128.0, 128.0, 128.0, 256.0, 128.0, 128.0, 128.0, 128.0, 128.0, 128.0, 384.0, 128.0, 512.0]]"
新娘你莫哭,泰宁县,"[[72, 72, 69, 67, 64, 69, 67, 64, 67, 67, 69, 67, 64, 67, 69, 67, 62, 62, 64, 67, 67, 67, 57, 60, 62, 60, 60, 62, 60, 57, 60, 62, 60, 62, 62, 64, 67, 67, 59, 67, 57, 60, 62, 64, 67, 64, 62, 60], [256.0, 256.0, 256.0, 256.0, 256.0, 256.0, 128.0, 128.0, 256.0, 128.0, 128.0, 128.0, 128.0, 128.0, 128.0, 256.0, 256.0, 128.0, 128.0, 256.0, 256.0, 256.0, 256.0, 128.0, 128.0, 256.0, 128.0, 128.0, 128.0, 128.0, 128.0, 128.0, 256.0, 256.0, 128.0, 128.0, 256.0, 256.0, 256.0, 512.0, 256.0, 384.0, 128.0, 128.0, 128.0, 128.0, 128.0, 1024.0]]"
日头出来红打红,龙岩市,"[[62, 60, 57, 60, 62, 62, 60, 57, 57, 57, 57, 57, 60, 57, 57, 62, 60, 57, 57, 57, 57, 62, 60, 64, 57, 62, 57, 60, 62, 57, 60, 62, 57, 57, 57, 57, 57, 57, 62, 60, 57, 57, 57, 57, 62, 57, 60, 62, 57, 62, 57, 57, 57, 57, 60, 57, 57, 62, 60, 57, 57, 57, 57, 59, 57, 62, 57, 60, 62, 60, 57, 57, 62, 57, 62, 60, 57, 57, 57, 62, 60, 57, 57, 57, 57], [256.0, 128.0, 128.0, 512.0, 1024.0, 256.0, 128.0, 128.0, 512.0, 768.0, 128.0, 128.0, 128.0, 128.0, 128.0, 128.0, 128.0, 128.0, 128.0, 128.0, 1024.0, 256.0, 512.0, 256.0, 256.0, 128.0, 128.0, 512.0, 1024.0, 256.0, 128.0, 128.0, 512.0, 768.0, 128.0, 128.0, 256.0, 128.0, 128.0, 256.0, 128.0, 128.0, 1024.0, 256.0, 128.0, 128.0, 512.0, 1024.0, 256.0, 256.0, 512.0, 768.0, 128.0, 128.0, 128.0, 128.0, 128.0, 128.0, 128.0, 128.0, 128.0, 128.0, 512.0, 512.0, 256.0, 128.0, 128.0, 512.0, 1024.0, 128.0, 128.0, 128.0, 128.0, 512.0, 256.0, 512.0, 128.0, 128.0, 256.0, 256.0, 128.0, 128.0, 128.0, 128.0, 1024.0]]"
日头落山搭山边,漳平市,"[[69, 69, 69, 72, 74, 72, 69, 72, 72, 69, 69, 67, 72, 69, 72, 74, 72, 69, 69, 69, 69, 72, 74, 72, 69, 72, 72, 69, 69, 67, 72, 69, 72, 74, 72, 69], [256.0, 256.0, 256.0, 256.0, 512.0, 256.0, 256.0, 256.0, 256.0, 256.0, 256.0, 512.0, 256.0, 256.0, 256.0, 128.0, 128.0, 512.0, 256.0, 256.0, 256.0, 256.0, 512.0, 256.0, 256.0, 256.0, 256.0, 256.0, 256.0, 512.0, 256.0, 256.0, 256.0, 128.0, 128.0, 512.0]]"
月光光（三）,蒲城县,"[[57, 62, 62, 60, 60, 62, 60, 62, 60, 59, 57, 60, 60, 60, 60, 57, 59, 57, 62, 57, 62, 57, 62, 57, 62, 62, 62, 62, 57, 57, 60, 57, 59, 60, 57, 57, 57, 62, 62, 60, 57, 60, 62, 59, 60, 62, 57, 57, 60, 62, 60, 59, 62, 62, 62, 62, 60, 57, 60, 57, 60, 60, 60, 62, 60, 62, 62, 60, 57, 60, 60, 57, 60, 62, 60, 62, 62, 62, 60, 60, 57, 60, 60, 57, 60, 60, 60, 60, 62, 62, 62, 60, 60, 62, 60, 62, 60, 62, 57, 57, 60, 60, 60, 57, 60, 60, 60, 62, 60, 57, 60, 57, 60, 57, 60, 62, 60, 60, 59, 60, 62, 60, 57, 62, 57, 60, 57, 60, 60, 62, 62], [256.0, 256.0, 512.0, 256.0, 256.0, 512.0, 256.0, 256.0, 256.0, 256.0, 256.0, 256.0, 512.0, 256.0, 256.0, 256.0, 256.0, 256.0, 256.0, 512.0, 256.0, 256.0, 512.0, 256.0, 256.0, 512.0, 256.0, 256.0, 512.0, 256.0, 256.0, 256.0, 256.0, 256.0, 256.0, 256.0, 256.0, 512.0, 256.0, 256.0, 256.0, 256.0, 256.0, 256.0, 256.0, 256.0, 256.0, 256.0, 256.0, 256.0, 256.0, 256.0, 256.0, 256.0, 256.0, 256.0, 256.0, 256.0, 512.0, 256.0, 256.0, 256.0, 256.0, 512.0, 256.0, 256.0, 512.0, 256.0, 256.0, 256.0, 256.0, 256.0, 256.0, 512.0, 256.0, 256.0, 256.0, 256.0, 512.0, 256.0, 256.0, 256.0, 256.0, 256.0, 256.0, 512.0, 256.0, 256.0, 256.0, 256.0, 512.0, 256.0, 256.0, 256.0, 256.0, 512.0, 256.0, 256.0, 256.0, 256.0, 512.0, 256.0, 256.0, 256.0, 256.0, 512.0, 256.0, 256.0, 256.0, 256.0, 512.0, 256.0, 256.0, 256.0, 256.0, 256.0, 256.0, 256.0, 256.0, 256.0, 256.0, 256.0, 256.0, 512.0, 256.0, 256.0, 256.0, 256.0, 256.0, 256.0, 512.0]]"
桃花搭渡,泉州市,"[[69, 64, 69, 69, 64, 69, 71, 69, 64, 67, 69, 67, 64, 62, 67, 62, 64, 67, 64, 62, 62, 57, 60, 62, 62, 67, 62, 64, 67, 64, 62, 69, 71, 69, 64, 67, 69, 67, 64, 62, 67, 62, 64, 67, 64, 62, 62, 57, 60, 62, 69, 74, 71, 67, 69, 69, 74, 71, 67, 69, 74, 71, 69], [512.0, 512.0, 256.0, 512.0, 256.0, 256.0, 256.0, 256.0, 256.0, 256.0, 256.0, 256.0, 256.0, 512.0, 256.0, 256.0, 256.0, 256.0, 256.0, 256.0, 256.0, 512.0, 256.0, 1024.0, 512.0, 256.0, 256.0, 256.0, 256.0, 256.0, 256.0, 256.0, 256.0, 256.0, 256.0, 256.0, 256.0, 256.0, 256.0, 512.0, 256.0, 256.0, 256.0, 256.0, 256.0, 256.0, 256.0, 512.0, 256.0, 1024.0, 256.0, 256.0, 256.0, 256.0, 1024.0, 256.0, 256.0, 256.0, 256.0, 512.0, 256.0, 256.0, 1024.0]]"
歌本唱出合时辰,上杭县,"[[69, 64, 67, 69, 67, 64, 64, 59, 69, 67, 64, 59, 62, 64, 64, 64, 62, 60, 62, 64, 62, 62, 59, 67, 64, 59, 64, 62, 60, 62, 62, 57, 59, 64, 64, 60, 62, 64, 57, 62, 64, 60, 67, 64, 60, 64, 62, 60, 57, 57, 57, 57], [256.0, 256.0, 128.0, 128.0, 128.0, 128.0, 256.0, 256.0, 256.0, 256.0, 1024.0, 256.0, 128.0, 128.0, 256.0, 128.0, 128.0, 256.0, 128.0, 128.0, 256.0, 256.0, 512.0, 256.0, 256.0, 256.0, 256.0, 256.0, 128.0, 128.0, 256.0, 256.0, 512.0, 256.0, 256.0, 256.0, 128.0, 128.0, 256.0, 128.0, 128.0, 512.0, 256.0, 256.0, 256.0, 256.0, 256.0, 128.0, 128.0, 256.0, 256.0, 512.0]]"
正月出来元宵灯,仙游县,"[[64, 62, 64, 62, 60, 60, 62, 60, 60, 62, 67, 64, 62, 64, 67, 64, 64, 62, 64, 62, 59, 64, 64, 62, 67, 64, 62, 60, 60, 60, 62, 64, 62, 60, 60, 62, 67, 67, 64, 62, 64, 67, 64, 62, 64, 62, 60, 60, 62, 64, 67, 64, 62, 64, 62, 59, 62, 64, 64, 64, 62, 67, 64, 62, 60, 62, 60, 60], [256.0, 256.0, 256.0, 128.0, 128.0, 512.0, 384.0, 128.0, 256.0, 256.0, 768.0, 128.0, 128.0, 256.0, 128.0, 128.0, 256.0, 128.0, 128.0, 512.0, 512.0, 768.0, 128.0, 128.0, 256.0, 128.0, 128.0, 512.0, 1024.0, 1024.0, 128.0, 128.0, 128.0, 128.0, 256.0, 128.0, 128.0, 256.0, 128.0, 128.0, 256.0, 256.0, 384.0, 128.0, 128.0, 256.0, 128.0, 768.0, 256.0, 256.0, 512.0, 85.33333333333333, 85.33333333333333, 85.33333333333333, 512.0, 256.0, 256.0, 256.0, 512.0, 128.0, 128.0, 256.0, 128.0, 128.0, 384.0, 128.0, 1024.0, 1024.0]]"
正月桃花开,云霄县,"[[64, 67, 62, 64, 64, 64, 67, 64, 62, 60, 57, 62, 64, 67, 62, 60, 57, 60, 57, 55, 62, 67, 64, 62, 67, 64, 64, 62, 60, 60, 57, 62, 64, 62, 64, 62, 60, 57, 60, 55], [128.0, 128.0, 256.0, 256.0, 256.0, 128.0, 128.0, 128.0, 128.0, 384.0, 128.0, 256.0, 128.0, 128.0, 256.0, 256.0, 256.0, 128.0, 128.0, 512.0, 256.0, 128.0, 128.0, 256.0, 256.0, 256.0, 128.0, 128.0, 256.0, 128.0, 128.0, 256.0, 256.0, 256.0, 256.0, 128.0, 128.0, 128.0, 128.0, 512.0]]"
正月鼓仔灯,漳州市,"[[62, 57, 62, 62, 60, 62, 60, 57, 62, 62, 62, 57, 62, 57, 57, 60, 55, 55, 60, 55, 57, 55, 62, 62, 62, 64, 62, 57, 62, 57, 62, 60, 62, 60, 57, 62, 57, 62, 60, 62, 62, 57, 57, 60, 57, 60, 62, 55, 62, 60, 62, 55, 55, 60, 57, 52, 55, 57, 62, 57, 57, 62, 62, 57, 60, 60, 57, 60, 57, 60], [512.0, 512.0, 512.0, 256.0, 256.0, 1024.0, 512.0, 512.0, 512.0, 512.0, 512.0, 512.0, 512.0, 512.0, 256.0, 768.0, 512.0, 256.0, 256.0, 512.0, 512.0, 1024.0, 512.0, 512.0, 512.0, 256.0, 256.0, 1024.0, 512.0, 256.0, 256.0, 512.0, 256.0, 256.0, 1024.0, 512.0, 512.0, 512.0, 512.0, 1024.0, 512.0, 512.0, 512.0, 512.0, 256.0, 768.0, 512.0, 512.0, 512.0, 512.0, 1024.0, 512.0, 512.0, 256.0, 256.0, 512.0, 1024.0, 512.0, 256.0, 256.0, 512.0, 512.0, 1024.0, 512.0, 256.0, 256.0, 512.0, 512.0, 256.0, 768.0]]"
民师黄玉瑞,莆田市,"[[79, 79, 79, 76, 76, 74, 72, 76, 72, 74, 79, 79, 76, 74, 74, 71, 69, 67, 71, 67, 69, 79, 79, 76, 74, 76, 74, 71, 69, 69, 71, 69, 67, 69, 71, 69, 67, 69, 67, 64, 62, 62, 64, 69, 67], [256.0, 256.0, 256.0, 256.0, 384.0, 128.0, 128.0, 256.0, 128.0, 1024.0, 256.0, 128.0, 128.0, 256.0, 256.0, 384.0, 128.0, 256.0, 128.0, 128.0, 1024.0, 256.0, 128.0, 128.0, 128.0, 128.0, 128.0, 128.0, 256.0, 256.0, 128.0, 128.0, 256.0, 256.0, 128.0, 128.0, 128.0, 128.0, 128.0, 128.0, 256.0, 128.0, 128.0, 512.0, 1024.0]]"
水清清（二）,宁德市,"[[72, 67, 72, 69, 72, 72, 69, 67, 69, 69, 60, 64, 60, 62, 62, 69, 67, 69, 60, 60, 60, 69, 69, 60, 60, 62, 69, 67, 62, 62, 69], [256.0, 256.0, 256.0, 256.0, 256.0, 256.0, 512.0, 256.0, 256.0, 256.0, 256.0, 256.0, 256.0, 512.0, 256.0, 256.0, 256.0, 256.0, 256.0, 256.0, 256.0, 512.0, 256.0, 256.0, 256.0, 256.0, 256.0, 256.0, 512.0, 1024.0, 512.0]]"
洛阳桥下猪肝石,漳州市,"[[57, 62, 62, 62, 57, 57, 60, 62, 62, 67, 67, 67, 62, 62, 60, 62, 57, 62, 62, 62, 57, 57, 60, 57, 67, 62, 62, 67, 62, 60, 62], [256.0, 128.0, 128.0, 256.0, 256.0, 256.0, 256.0, 1024.0, 256.0, 128.0, 128.0, 256.0, 256.0, 256.0, 256.0, 1024.0, 256.0, 128.0, 128.0, 256.0, 256.0, 256.0, 256.0, 1024.0, 256.0, 256.0, 256.0, 256.0, 256.0, 256.0, 1024.0]]"
海上归来鱼满舱,福鼎县,"[[64, 64, 64, 62, 64, 62, 60, 57, 60, 62, 64, 62, 64, 62, 64, 62, 64, 62, 60, 57, 60, 62, 62, 60, 57, 55, 57, 52, 57, 52, 57, 62, 60, 62, 64, 64, 57, 57, 62, 60, 62, 64, 62, 64, 60, 57, 62, 60, 57, 55, 57, 57], [1024.0, 1024.0, 256.0, 128.0, 128.0, 768.0, 128.0, 128.0, 256.0, 256.0, 256.0, 128.0, 128.0, 1024.0, 256.0, 128.0, 128.0, 768.0, 128.0, 128.0, 256.0, 256.0, 128.0, 128.0, 128.0, 128.0, 1024.0, 256.0, 256.0, 256.0, 256.0, 256.0, 128.0, 128.0, 512.0, 256.0, 256.0, 256.0, 256.0, 256.0, 128.0, 128.0, 768.0, 256.0, 256.0, 256.0, 128.0, 128.0, 128.0, 128.0, 1024.0, 1024.0]]"
渔村一片新气象,福安市,"[[62, 62, 64, 60, 60, 64, 62, 62, 62, 62, 62, 57, 57, 62, 60, 60, 57, 57, 57, 57, 60, 62, 64, 64, 62, 64, 62, 62, 62, 57, 62, 64, 62, 62, 62, 57, 57, 62, 62, 62, 60, 57, 62, 60, 57, 57, 57, 59], [256.0, 256.0, 256.0, 256.0, 256.0, 256.0, 256.0, 256.0, 1024.0, 256.0, 256.0, 256.0, 256.0, 256.0, 768.0, 256.0, 256.0, 256.0, 256.0, 1024.0, 256.0, 256.0, 256.0, 256.0, 256.0, 128.0, 128.0, 512.0, 768.0, 256.0, 256.0, 256.0, 256.0, 256.0, 1024.0, 256.0, 256.0, 256.0, 256.0, 256.0, 768.0, 256.0, 128.0, 128.0, 256.0, 256.0, 768.0, 256.0]]"
满山松树高又粗,永安市,"[[74, 72, 74, 74, 74, 72, 74, 72, 72, 74, 72, 74, 72, 72, 69, 69, 68, 69, 74, 72, 74, 72, 74, 72, 69, 69, 68, 69, 69, 74, 72, 72, 69, 72, 69, 69, 67, 67], [256.0, 256.0, 256.0, 256.0, 256.0, 256.0, 256.0, 256.0, 1024.0, 256.0, 256.0, 256.0, 256.0, 256.0, 256.0, 256.0, 256.0, 1024.0, 256.0, 256.0, 256.0, 256.0, 128.0, 128.0, 256.0, 256.0, 256.0, 1024.0, 256.0, 256.0, 256.0, 128.0, 128.0, 256.0, 256.0, 256.0, 256.0, 1024.0]]"
满山翠竹青又青,连城县,"[[74, 74, 74, 72, 74, 72, 74, 74, 69, 67, 72, 74, 74, 72, 74, 72, 69, 67, 69, 69, 67, 67, 67, 59, 74, 74, 74, 72, 72, 74, 74, 69, 67, 72, 74, 72, 72, 74, 72, 72, 69, 69, 67, 67, 67, 59], [256.0, 256.0, 128.0, 384.0, 256.0, 128.0, 128.0, 384.0, 128.0, 512.0, 256.0, 256.0, 128.0, 256.0, 128.0, 256.0, 128.0, 128.0, 512.0, 1024.0, 256.0, 768.0, 512.0, 512.0, 256.0, 256.0, 128.0, 384.0, 256.0, 256.0, 384.0, 128.0, 512.0, 256.0, 256.0, 256.0, 128.0, 128.0, 384.0, 128.0, 512.0, 1024.0, 256.0, 768.0, 512.0, 512.0]]"
潮州柑子园澄澄,长汀县,"[[76, 74, 76, 76, 74, 72, 69, 74, 72, 69, 69, 72, 74, 76, 74, 72, 69, 76, 74, 76, 74, 72, 74, 76, 72, 76, 74, 72, 69, 69, 69, 69, 72, 74, 76, 74, 72, 74, 72, 69, 69, 69, 69], [256.0, 256.0, 256.0, 256.0, 256.0, 256.0, 512.0, 256.0, 256.0, 512.0, 256.0, 256.0, 256.0, 256.0, 256.0, 256.0, 512.0, 256.0, 128.0, 128.0, 256.0, 256.0, 256.0, 256.0, 256.0, 256.0, 256.0, 256.0, 512.0, 256.0, 256.0, 256.0, 256.0, 256.0, 256.0, 256.0, 256.0, 256.0, 256.0, 512.0, 256.0, 256.0, 512.0]]"
爱唱山歌两人来,武平县,"[[76, 76, 76, 74, 76, 74, 76, 74, 72, 69, 72, 74, 76, 74, 74, 76, 74, 72, 69, 72, 69, 72, 74, 76, 74, 72, 74, 72, 77, 74, 72, 74, 74, 72, 72, 69, 72, 69, 72, 74, 74, 72, 72, 74, 72, 69, 59, 69, 72, 74, 72, 74, 76, 72, 69, 69, 69], [256.0, 768.0, 256.0, 128.0, 128.0, 512.0, 256.0, 128.0, 128.0, 512.0, 128.0, 128.0, 256.0, 512.0, 256.0, 256.0, 256.0, 256.0, 256.0, 256.0, 512.0, 256.0, 128.0, 128.0, 512.0, 256.0, 256.0, 512.0, 256.0, 128.0, 128.0, 512.0, 256.0, 256.0, 256.0, 256.0, 256.0, 256.0, 256.0, 256.0, 256.0, 256.0, 512.0, 256.0, 256.0, 256.0, 256.0, 256.0, 256.0, 512.0, 256.0, 128.0, 128.0, 256.0, 256.0, 256.0, 768.0]]"
爱唱金鸡对凤凰,福安市,"[[72, 72, 72, 72, 67, 69, 67, 62, 67, 69, 60, 67, 62, 60, 69, 60, 60, 67, 67, 69, 69, 69, 67, 69, 62, 60, 67, 62], [256.0, 256.0, 512.0, 256.0, 256.0, 512.0, 256.0, 256.0, 256.0, 256.0, 256.0, 256.0, 512.0, 256.0, 256.0, 256.0, 256.0, 256.0, 256.0, 256.0, 256.0, 256.0, 256.0, 256.0, 256.0, 256.0, 256.0, 512.0]]"
牵子牵孙入学堂,诏安县,"[[69, 72, 72, 69, 72, 72, 69, 72, 67, 65, 67, 69, 62, 69, 65, 67, 64, 62, 64, 67, 64, 67, 64, 62, 67, 69, 67, 69, 62, 65, 65, 67], [256.0, 256.0, 128.0, 384.0, 256.0, 128.0, 128.0, 512.0, 256.0, 128.0, 128.0, 256.0, 256.0, 256.0, 256.0, 512.0, 256.0, 256.0, 256.0, 256.0, 256.0, 128.0, 128.0, 512.0, 256.0, 256.0, 128.0, 256.0, 128.0, 256.0, 256.0, 512.0]]"
瓜子仁,永定县,"[[64, 67, 69, 72, 69, 69, 72, 67, 64, 67, 69, 72, 69, 67, 64, 62, 64, 62, 60, 62, 62, 64, 67, 67, 67, 57, 60, 64, 62, 60, 57, 55, 67, 67, 59, 60, 62, 64, 67, 62, 64, 62, 60, 62, 67, 67, 59, 60, 62, 64, 62, 64, 62, 60, 62, 62, 64, 67, 67, 67, 57, 60, 64, 62, 60, 57, 55, 60, 55, 57, 60, 60, 62, 64, 60, 60, 62, 64, 60, 67, 69, 67, 64, 62, 64, 62, 64, 67, 67, 67, 57, 60, 64, 62, 60, 57, 55], [256.0, 512.0, 128.0, 128.0, 256.0, 128.0, 128.0, 256.0, 256.0, 256.0, 128.0, 128.0, 128.0, 128.0, 256.0, 128.0, 128.0, 128.0, 128.0, 512.0, 128.0, 128.0, 256.0, 256.0, 128.0, 128.0, 384.0, 128.0, 128.0, 128.0, 256.0, 1024.0, 256.0, 128.0, 128.0, 128.0, 128.0, 128.0, 128.0, 128.0, 128.0, 128.0, 128.0, 512.0, 256.0, 128.0, 128.0, 128.0, 128.0, 256.0, 128.0, 128.0, 128.0, 128.0, 512.0, 256.0, 128.0, 128.0, 256.0, 128.0, 128.0, 384.0, 128.0, 128.0, 128.0, 256.0, 512.0, 256.0, 128.0, 128.0, 256.0, 512.0, 128.0, 128.0, 256.0, 512.0, 128.0, 128.0, 512.0, 128.0, 128.0, 128.0, 128.0, 768.0, 256.0, 128.0, 128.0, 256.0, 256.0, 128.0, 128.0, 384.0, 128.0, 128.0, 128.0, 256.0, 1024.0]]"
留朵梅花等郎开,永定县,"[[74, 74, 74, 74, 74, 72, 69, 74, 72, 74, 74, 74, 72, 69, 69, 74, 72, 69, 67, 69, 69, 69, 74, 74, 74, 74, 74, 72, 69, 72, 67, 69, 74, 74, 74, 72, 69, 74, 69, 72, 69, 67], [256.0, 256.0, 256.0, 256.0, 256.0, 128.0, 128.0, 256.0, 512.0, 256.0, 256.0, 256.0, 128.0, 128.0, 256.0, 128.0, 128.0, 128.0, 128.0, 512.0, 128.0, 128.0, 256.0, 256.0, 256.0, 256.0, 256.0, 128.0, 128.0, 128.0, 128.0, 768.0, 256.0, 256.0, 256.0, 128.0, 128.0, 256.0, 128.0, 128.0, 256.0, 768.0]]"
百般种子着落土,德化县,"[[64, 64, 62, 64, 64, 64, 62, 60, 62, 64, 64, 64, 64, 60, 60, 62, 57, 57, 57, 62, 62, 62, 60, 57, 62, 64, 64, 64, 62, 60, 60, 62], [256.0, 256.0, 256.0, 128.0, 128.0, 256.0, 256.0, 512.0, 256.0, 256.0, 256.0, 128.0, 128.0, 256.0, 256.0, 512.0, 256.0, 256.0, 256.0, 128.0, 128.0, 256.0, 256.0, 512.0, 256.0, 256.0, 256.0, 128.0, 128.0, 256.0, 256.0, 512.0]]"
百鸟不怕大山林,霞浦县,"[[69, 69, 69, 67, 69, 67, 60, 67, 64, 62, 69, 67, 64, 69, 67, 62, 67, 64, 69, 67, 69, 67, 62, 62, 62, 59, 69, 67, 62, 67, 64, 69, 67, 60, 62, 69, 67, 64, 67, 64, 69, 67, 60, 62, 60, 62, 60, 62, 62, 69, 69, 67, 62, 60, 59, 69, 67, 62, 67, 67, 69, 69, 67, 67, 64, 62, 67, 69, 67, 62, 67, 64, 67, 64, 60, 62, 62, 60, 69, 67, 69, 62, 62, 69, 67, 64, 60, 62, 60, 62, 62], [256.0, 256.0, 128.0, 128.0, 384.0, 128.0, 256.0, 128.0, 128.0, 256.0, 512.0, 128.0, 128.0, 128.0, 128.0, 256.0, 128.0, 128.0, 128.0, 128.0, 128.0, 128.0, 256.0, 1024.0, 256.0, 256.0, 128.0, 128.0, 256.0, 128.0, 128.0, 128.0, 128.0, 256.0, 256.0, 128.0, 128.0, 256.0, 128.0, 128.0, 128.0, 128.0, 256.0, 256.0, 256.0, 128.0, 128.0, 768.0, 256.0, 256.0, 128.0, 128.0, 256.0, 256.0, 256.0, 128.0, 128.0, 256.0, 256.0, 256.0, 256.0, 128.0, 128.0, 128.0, 128.0, 512.0, 256.0, 128.0, 128.0, 1024.0, 128.0, 128.0, 128.0, 128.0, 256.0, 512.0, 256.0, 256.0, 128.0, 128.0, 256.0, 256.0, 512.0, 128.0, 128.0, 256.0, 512.0, 128.0, 128.0, 512.0, 512.0]]"
盘古开天历代来,华安县,"[[62, 62, 62, 60, 55, 55, 55, 55, 57, 62, 57, 62, 62, 62, 57, 55, 55, 57, 60, 60, 57, 55, 60, 55, 57, 62, 62, 62, 60, 57, 55, 57, 57, 62, 62, 62, 57, 55, 55, 55, 57, 60, 60, 57, 55, 62, 62, 62, 60, 69, 67, 65, 55, 57, 62, 57, 57, 62, 57, 55, 55, 60, 60, 57, 55, 55, 57, 59, 59, 57, 55, 55, 55, 57, 55, 57, 62, 57, 55, 55, 55, 62, 60, 62, 60, 60, 60, 60, 57, 55, 62, 62, 62, 60, 55, 55, 57, 55, 55, 57, 62, 57, 62, 62, 62, 60, 55, 55, 62, 60, 57, 55, 55, 57, 60, 59, 57, 55, 55, 67, 57, 55, 57, 62, 57, 62, 62, 62, 57, 60, 60, 57, 55], [128.0, 384.0, 64.0, 64.0, 128.0, 256.0, 128.0, 256.0, 128.0, 512.0, 64.0, 64.0, 256.0, 128.0, 64.0, 64.0, 256.0, 128.0, 128.0, 256.0, 128.0, 1024.0, 128.0, 384.0, 128.0, 256.0, 128.0, 128.0, 256.0, 128.0, 384.0, 128.0, 64.0, 64.0, 256.0, 128.0, 64.0, 64.0, 256.0, 192.0, 64.0, 128.0, 256.0, 128.0, 1024.0, 128.0, 384.0, 64.0, 64.0, 128.0, 256.0, 512.0, 384.0, 128.0, 512.0, 128.0, 128.0, 256.0, 128.0, 128.0, 256.0, 128.0, 256.0, 128.0, 1024.0, 128.0, 128.0, 128.0, 128.0, 64.0, 64.0, 128.0, 256.0, 128.0, 256.0, 128.0, 512.0, 64.0, 64.0, 128.0, 256.0, 128.0, 128.0, 256.0, 64.0, 64.0, 64.0, 256.0, 128.0, 1024.0, 128.0, 384.0, 64.0, 64.0, 128.0, 256.0, 64.0, 64.0, 256.0, 128.0, 512.0, 128.0, 128.0, 256.0, 64.0, 64.0, 128.0, 256.0, 128.0, 256.0, 128.0, 1024.0, 128.0, 128.0, 128.0, 128.0, 64.0, 64.0, 128.0, 256.0, 128.0, 256.0, 128.0, 512.0, 128.0, 128.0, 256.0, 128.0, 384.0, 128.0, 256.0, 128.0, 1024.0]]"
盘山过岭挽茶叶,安溪县,"[[57, 52, 57, 52, 57, 52, 52, 52, 60, 52, 52, 57, 60, 60, 65, 60, 57, 60, 57, 60, 57, 60, 57, 60, 57, 60, 60, 65, 60, 65, 60, 57, 57, 60, 52, 57, 52, 57, 52, 57, 60, 60, 65, 65, 60, 57, 60, 57, 60, 57, 57, 60, 60, 57, 60, 57, 52, 57, 60, 65, 60, 65, 57, 57, 60, 57, 60], [128.0, 128.0, 256.0, 128.0, 128.0, 256.0, 256.0, 256.0, 1024.0, 256.0, 128.0, 128.0, 256.0, 128.0, 128.0, 128.0, 384.0, 1024.0, 128.0, 384.0, 128.0, 384.0, 128.0, 384.0, 1024.0, 256.0, 128.0, 128.0, 256.0, 128.0, 128.0, 128.0, 384.0, 1024.0, 128.0, 384.0, 128.0, 384.0, 128.0, 384.0, 1024.0, 128.0, 384.0, 128.0, 384.0, 128.0, 128.0, 256.0, 1024.0, 256.0, 128.0, 128.0, 256.0, 128.0, 128.0, 128.0, 384.0, 1024.0, 128.0, 384.0, 256.0, 128.0, 128.0, 128.0, 128.0, 256.0, 1024.0]]"
盘诗湾,平潭县,"[[76, 79, 79, 79, 76, 74, 76, 74, 72, 74, 74, 74, 69, 74, 72, 69, 72, 72, 69, 67, 69, 69, 72, 67, 67, 69, 72, 72, 74, 74, 76, 76, 72, 69, 72, 72, 69, 67], [256.0, 256.0, 256.0, 128.0, 128.0, 1024.0, 256.0, 256.0, 512.0, 1024.0, 256.0, 256.0, 256.0, 128.0, 128.0, 1024.0, 512.0, 256.0, 256.0, 1024.0, 256.0, 128.0, 128.0, 512.0, 768.0, 256.0, 512.0, 512.0, 1024.0, 256.0, 256.0, 256.0, 256.0, 1024.0, 512.0, 256.0, 256.0, 1024.0]]"
短筒号子,宁化县,"[[69, 64, 72, 72, 72, 72, 72, 72, 64, 72, 72, 64, 74, 71, 72, 72, 72, 64, 72, 71, 72, 72, 72, 72, 72, 72, 74, 74, 74, 67, 74, 74, 74, 74, 69, 72, 74, 72, 74, 72, 72, 72, 72, 72, 59, 74, 59, 74, 59, 59, 74, 59, 72, 59, 74, 59, 72, 59, 72, 59, 59, 74, 59, 74, 59, 59, 74, 59, 72, 74, 59, 72, 59, 72, 59, 59, 74, 59, 72, 69, 59, 79, 59, 74, 59, 74, 59, 72, 59, 72, 59, 72, 59, 72, 59, 72, 59, 72, 59, 74, 59, 74, 59, 79, 74, 79, 74, 72, 74, 76, 74, 76, 74, 72, 74, 74, 74, 74, 74], [256.0, 256.0, 512.0, 512.0, 512.0, 512.0, 512.0, 256.0, 256.0, 512.0, 256.0, 256.0, 512.0, 256.0, 256.0, 512.0, 256.0, 256.0, 512.0, 256.0, 256.0, 512.0, 512.0, 512.0, 512.0, 512.0, 512.0, 512.0, 256.0, 256.0, 512.0, 512.0, 512.0, 256.0, 256.0, 256.0, 256.0, 256.0, 256.0, 512.0, 512.0, 512.0, 1024.0, 512.0, 512.0, 512.0, 512.0, 256.0, 256.0, 512.0, 512.0, 512.0, 512.0, 512.0, 512.0, 512.0, 512.0, 512.0, 256.0, 256.0, 512.0, 512.0, 512.0, 256.0, 256.0, 512.0, 512.0, 512.0, 256.0, 256.0, 512.0, 512.0, 512.0, 256.0, 256.0, 512.0, 512.0, 512.0, 256.0, 256.0, 512.0, 512.0, 512.0, 512.0, 512.0, 512.0, 512.0, 512.0, 512.0, 512.0, 512.0, 512.0, 512.0, 512.0, 512.0, 512.0, 512.0, 512.0, 512.0, 512.0, 512.0, 512.0, 512.0, 512.0, 512.0, 512.0, 512.0, 512.0, 512.0, 512.0, 512.0, 512.0, 512.0, 512.0, 512.0, 512.0, 512.0, 512.0, 512.0]]"
纱窗外,惠安县,"[[72, 72, 69, 72, 69, 67, 64, 67, 62, 64, 67, 69, 67, 65, 64, 67, 69, 67, 69, 67, 69, 72, 64, 64, 69, 67, 64, 67, 64, 67, 69, 72, 67, 64, 62, 59, 64, 62, 60, 62, 69, 67, 69, 72, 64, 62, 64, 69, 67, 64, 67, 64, 67, 69, 72, 67, 64, 62, 59, 64, 62, 60, 62, 60, 57, 62, 64, 67, 67, 64, 62, 64, 67, 64, 67, 64, 62, 60, 62, 67, 64, 62, 59, 64, 62, 60, 69, 74, 72, 69, 67, 69, 74, 72, 69, 67, 69, 67, 72, 72, 69, 72, 69, 67, 64, 67, 62, 64, 67, 69, 67, 65, 64, 67, 69, 67], [512.0, 512.0, 384.0, 128.0, 256.0, 256.0, 256.0, 256.0, 256.0, 256.0, 512.0, 256.0, 256.0, 512.0, 512.0, 768.0, 256.0, 1024.0, 768.0, 256.0, 512.0, 512.0, 256.0, 512.0, 256.0, 256.0, 256.0, 512.0, 256.0, 256.0, 256.0, 256.0, 512.0, 512.0, 256.0, 128.0, 128.0, 256.0, 256.0, 1024.0, 768.0, 256.0, 512.0, 512.0, 384.0, 128.0, 256.0, 256.0, 256.0, 256.0, 512.0, 256.0, 256.0, 256.0, 384.0, 256.0, 256.0, 256.0, 256.0, 256.0, 256.0, 256.0, 256.0, 256.0, 128.0, 256.0, 512.0, 512.0, 512.0, 256.0, 128.0, 128.0, 1024.0, 384.0, 128.0, 256.0, 256.0, 256.0, 256.0, 256.0, 256.0, 256.0, 128.0, 128.0, 256.0, 256.0, 512.0, 512.0, 512.0, 512.0, 1024.0, 512.0, 512.0, 512.0, 512.0, 768.0, 256.0, 1024.0, 512.0, 512.0, 384.0, 128.0, 256.0, 256.0, 256.0, 256.0, 256.0, 256.0, 512.0, 256.0, 256.0, 512.0, 512.0, 768.0, 256.0, 1024.0]]"
缺哥望小姐,连江县,"[[62, 60, 57, 60, 60, 60, 62, 64, 67, 62, 64, 62, 62, 64, 60, 64, 62, 62, 64, 62, 60, 64, 62, 64, 62, 55, 64, 62, 60, 64, 62, 64, 62, 55, 57, 60, 57, 62, 57, 60, 64, 64, 60, 62, 64, 62, 64, 64, 60, 62, 64, 62, 57, 64, 57, 62, 57, 60, 60, 57, 55, 55, 57, 57, 57, 52, 55, 55, 57, 60, 57, 60, 60, 62, 64, 67, 62, 62, 62, 64, 60, 64, 62, 62, 64, 60, 57, 62, 60, 57, 60, 57, 52, 55, 55, 57, 57, 57, 52, 55, 55, 57, 60, 57, 60, 57, 60, 62, 62, 64, 60, 62, 62, 62, 62, 64, 60, 62, 62, 64, 57, 60, 57, 60, 57, 60, 57, 52, 55, 55, 57, 60, 57, 52, 55, 55, 57, 60, 60, 62, 62, 64, 57, 57, 57, 57, 62, 60, 60, 57, 55, 55, 57, 62, 57, 60, 57, 60, 57, 62, 64, 60, 62], [256.0, 256.0, 256.0, 256.0, 512.0, 512.0, 512.0, 256.0, 256.0, 256.0, 256.0, 512.0, 256.0, 256.0, 256.0, 256.0, 512.0, 512.0, 256.0, 256.0, 256.0, 256.0, 256.0, 256.0, 256.0, 256.0, 256.0, 256.0, 256.0, 256.0, 256.0, 256.0, 256.0, 256.0, 256.0, 512.0, 256.0, 256.0, 256.0, 512.0, 256.0, 512.0, 256.0, 256.0, 256.0, 512.0, 256.0, 512.0, 256.0, 256.0, 256.0, 512.0, 512.0, 256.0, 256.0, 512.0, 256.0, 256.0, 512.0, 512.0, 512.0, 512.0, 256.0, 256.0, 256.0, 256.0, 512.0, 512.0, 512.0, 256.0, 256.0, 512.0, 512.0, 512.0, 256.0, 256.0, 512.0, 512.0, 256.0, 256.0, 256.0, 256.0, 512.0, 512.0, 512.0, 256.0, 256.0, 512.0, 512.0, 256.0, 256.0, 256.0, 256.0, 512.0, 512.0, 256.0, 256.0, 256.0, 256.0, 512.0, 512.0, 256.0, 512.0, 256.0, 256.0, 256.0, 512.0, 256.0, 256.0, 256.0, 256.0, 512.0, 512.0, 256.0, 256.0, 256.0, 256.0, 512.0, 512.0, 512.0, 256.0, 256.0, 512.0, 512.0, 256.0, 256.0, 256.0, 256.0, 512.0, 512.0, 256.0, 256.0, 256.0, 256.0, 512.0, 512.0, 256.0, 256.0, 512.0, 256.0, 256.0, 256.0, 256.0, 512.0, 512.0, 256.0, 256.0, 512.0, 512.0, 512.0, 512.0, 512.0, 256.0, 512.0, 256.0, 256.0, 256.0, 256.0, 256.0, 512.0, 256.0, 256.0, 1024.0]]"
腹肚枵枵勿会唱歌,东山县,"[[67, 67, 67, 67, 69, 69, 69, 67, 69, 69, 71, 69, 69, 67, 69, 69, 67, 67, 67, 69, 64, 67, 69, 67, 72, 72, 69, 67, 64, 67, 69, 67, 67, 67], [256.0, 256.0, 256.0, 128.0, 128.0, 256.0, 256.0, 256.0, 256.0, 896.0, 128.0, 256.0, 256.0, 256.0, 256.0, 256.0, 256.0, 512.0, 512.0, 256.0, 256.0, 256.0, 256.0, 256.0, 256.0, 512.0, 256.0, 128.0, 128.0, 256.0, 256.0, 256.0, 256.0, 1024.0]]"
茉莉花,建阳县,"[[64, 67, 69, 72, 67, 69, 67, 67, 69, 64, 62, 64, 67, 64, 62, 60, 62, 64, 60, 64, 67, 69, 72, 69, 67, 69, 67, 64, 62, 64, 67, 57, 60, 62, 64, 60, 64, 67, 64, 64, 67, 69, 72, 67, 64, 62, 64, 67, 57, 60, 62, 64, 60, 64, 62, 60, 62, 64, 67, 69, 60, 67, 64, 62, 64, 62, 60, 57, 60, 69, 74, 59, 74, 72, 74, 72, 69, 67, 72, 69, 69, 67, 64, 62, 60, 62, 64, 67, 69, 72, 67, 64, 62, 64, 62, 60, 57, 60, 69, 74, 74, 74, 72, 74, 72, 69, 67, 72, 69, 69, 67], [384.0, 128.0, 256.0, 256.0, 384.0, 128.0, 256.0, 128.0, 128.0, 256.0, 128.0, 128.0, 256.0, 128.0, 128.0, 256.0, 128.0, 128.0, 512.0, 384.0, 128.0, 256.0, 128.0, 128.0, 384.0, 128.0, 512.0, 256.0, 128.0, 128.0, 256.0, 256.0, 256.0, 128.0, 128.0, 512.0, 256.0, 512.0, 256.0, 128.0, 128.0, 128.0, 128.0, 512.0, 256.0, 128.0, 128.0, 256.0, 256.0, 256.0, 128.0, 128.0, 512.0, 128.0, 128.0, 256.0, 384.0, 128.0, 256.0, 128.0, 128.0, 384.0, 128.0, 256.0, 256.0, 128.0, 128.0, 256.0, 512.0, 256.0, 256.0, 256.0, 256.0, 128.0, 128.0, 128.0, 128.0, 256.0, 256.0, 256.0, 256.0, 1024.0, 256.0, 128.0, 128.0, 384.0, 128.0, 256.0, 128.0, 128.0, 256.0, 256.0, 256.0, 256.0, 256.0, 128.0, 128.0, 512.0, 256.0, 256.0, 256.0, 256.0, 128.0, 128.0, 128.0, 128.0, 256.0, 256.0, 256.0, 256.0, 1024.0]]"
茶米花花水面浮,柘荣县,"[[72, 67, 67, 72, 76, 76, 67, 72, 67, 67, 67, 67, 67, 64, 64, 64, 64, 67, 64, 64, 67, 64, 64, 67, 72, 72, 67, 67, 64, 64, 67, 67, 67, 64, 64, 64, 72, 67, 67, 72, 72, 76, 76, 72, 72, 72, 67, 67, 64, 72, 67, 67, 72, 64, 64, 64, 64, 64, 64, 64, 64, 64, 64, 67, 72, 72, 67, 64, 67, 72, 67, 72, 64, 64, 64, 64, 67, 76, 76, 72, 72, 76, 76, 72, 72, 72, 72, 72, 67, 67, 67, 67, 64, 64, 64, 67, 67, 64, 64, 64, 64, 67, 64, 67, 72, 72, 72, 72, 72, 67, 67, 67, 72, 64, 64, 64, 67, 67, 72, 72, 76, 76, 72, 72, 67, 67, 67, 67, 67, 67, 64, 64, 64, 60, 60, 64, 64, 64, 67, 72, 72, 67, 72, 67, 67, 67, 72, 72, 64, 64, 72, 67, 76, 76, 67, 67, 72, 72, 76, 76, 72, 72, 72, 72, 67, 72, 72, 67, 64, 64, 64, 67, 67, 67, 67, 64, 64, 64, 59, 67, 60, 64, 67, 67, 64, 59, 60, 60, 64, 67, 67, 64, 67, 69, 72, 72, 72, 67, 72, 72, 67, 72, 72, 67, 67, 67, 72, 64, 64, 64, 72, 67, 72, 76, 76, 67, 67, 72, 72, 72, 76, 76, 72, 72, 67, 64, 67, 72, 72, 67, 64, 67, 67, 67, 67, 64, 64, 64, 67, 60, 64, 67, 67, 60, 60, 64, 64, 64, 64, 67, 72, 72, 76, 67, 67, 67, 72, 72, 67, 72, 67, 67, 67, 74, 64, 64, 64, 59], [256.0, 256.0, 256.0, 768.0, 256.0, 256.0, 256.0, 768.0, 256.0, 256.0, 256.0, 768.0, 256.0, 256.0, 256.0, 256.0, 512.0, 256.0, 256.0, 256.0, 256.0, 512.0, 256.0, 256.0, 128.0, 384.0, 256.0, 128.0, 128.0, 256.0, 256.0, 512.0, 256.0, 256.0, 256.0, 256.0, 256.0, 256.0, 128.0, 128.0, 768.0, 128.0, 128.0, 128.0, 128.0, 512.0, 256.0, 256.0, 512.0, 128.0, 128.0, 768.0, 128.0, 128.0, 256.0, 256.0, 256.0, 256.0, 256.0, 256.0, 256.0, 512.0, 256.0, 256.0, 128.0, 384.0, 256.0, 256.0, 256.0, 256.0, 512.0, 256.0, 256.0, 256.0, 256.0, 128.0, 128.0, 128.0, 128.0, 128.0, 384.0, 128.0, 128.0, 128.0, 128.0, 512.0, 128.0, 128.0, 128.0, 128.0, 512.0, 128.0, 384.0, 256.0, 256.0, 128.0, 128.0, 128.0, 128.0, 128.0, 384.0, 128.0, 128.0, 128.0, 128.0, 512.0, 128.0, 128.0, 128.0, 128.0, 128.0, 384.0, 128.0, 384.0, 256.0, 256.0, 256.0, 256.0, 128.0, 384.0, 256.0, 256.0, 128.0, 384.0, 256.0, 256.0, 256.0, 256.0, 512.0, 256.0, 256.0, 256.0, 256.0, 256.0, 256.0, 128.0, 384.0, 256.0, 256.0, 128.0, 384.0, 256.0, 256.0, 256.0, 256.0, 512.0, 128.0, 384.0, 256.0, 256.0, 128.0, 128.0, 128.0, 128.0, 128.0, 128.0, 128.0, 128.0, 128.0, 128.0, 128.0, 128.0, 512.0, 128.0, 384.0, 128.0, 128.0, 256.0, 128.0, 128.0, 256.0, 64.0, 64.0, 384.0, 128.0, 384.0, 128.0, 128.0, 256.0, 128.0, 128.0, 256.0, 128.0, 128.0, 128.0, 128.0, 170.66666666666666, 170.66666666666666, 170.66666666666666, 128.0, 384.0, 128.0, 128.0, 128.0, 128.0, 512.0, 128.0, 128.0, 128.0, 128.0, 128.0, 128.0, 128.0, 128.0, 128.0, 384.0, 128.0, 384.0, 256.0, 256.0, 256.0, 256.0, 512.0, 256.0, 256.0, 256.0, 256.0, 128.0, 128.0, 256.0, 256.0, 256.0, 256.0, 768.0, 256.0, 256.0, 512.0, 256.0, 256.0, 256.0, 256.0, 256.0, 256.0, 512.0, 256.0, 768.0, 256.0, 256.0, 256.0, 256.0, 512.0, 256.0, 256.0, 256.0, 256.0, 256.0, 256.0, 512.0, 256.0, 256.0, 256.0, 256.0, 128.0, 128.0, 64.0, 64.0, 64.0, 64.0, 256.0, 256.0, 256.0, 256.0, 512.0, 256.0, 768.0, 256.0, 256.0, 512.0]]"
行路要行路中心,武夷山市,"[[60, 60, 64, 67, 64, 64, 67, 64, 64, 59, 64, 59, 64, 60, 60, 64, 64, 60, 60, 59, 64, 64, 60, 67, 64, 64, 60, 63, 67, 67, 64, 60, 64, 63, 60, 60], [128.0, 128.0, 256.0, 512.0, 256.0, 128.0, 128.0, 256.0, 512.0, 128.0, 128.0, 128.0, 128.0, 256.0, 512.0, 256.0, 256.0, 256.0, 256.0, 256.0, 128.0, 128.0, 256.0, 512.0, 256.0, 256.0, 256.0, 512.0, 128.0, 128.0, 256.0, 512.0, 256.0, 256.0, 256.0, 768.0]]"
连了一年又一年,宁化县,"[[74, 74, 74, 76, 76, 76, 74, 73, 76, 74, 69, 69, 69, 69, 74, 74, 69, 69, 69, 69, 69, 69, 72, 74, 74, 74, 74, 72, 69, 69, 69, 69, 74, 74, 72, 69, 69, 69], [256.0, 256.0, 256.0, 256.0, 256.0, 256.0, 256.0, 256.0, 256.0, 768.0, 256.0, 256.0, 256.0, 256.0, 256.0, 256.0, 256.0, 256.0, 256.0, 768.0, 256.0, 256.0, 256.0, 256.0, 256.0, 256.0, 256.0, 256.0, 256.0, 256.0, 256.0, 256.0, 256.0, 256.0, 768.0, 256.0, 768.0, 768.0]]"
送郎当兵,宁化县,"[[67, 69, 67, 64, 67, 69, 74, 74, 72, 74, 67, 69, 69, 67, 67, 67, 57, 69, 64, 67, 69, 64, 74, 67, 69, 74, 72, 74, 67, 69, 69, 67, 67], [256.0, 128.0, 128.0, 512.0, 256.0, 256.0, 512.0, 256.0, 256.0, 256.0, 256.0, 512.0, 256.0, 256.0, 1024.0, 256.0, 256.0, 256.0, 256.0, 256.0, 256.0, 512.0, 256.0, 256.0, 512.0, 256.0, 256.0, 256.0, 256.0, 512.0, 256.0, 256.0, 1024.0]]"
郎子好后生,宁德市,"[[62, 60, 64, 64, 62, 64, 62, 60, 64, 62, 60, 62, 62, 60, 57, 57, 62, 62, 60, 62, 60, 57, 55, 57, 60, 57, 60, 62, 62, 60, 57, 57, 55, 55, 55], [256.0, 256.0, 256.0, 256.0, 512.0, 128.0, 128.0, 256.0, 512.0, 512.0, 256.0, 256.0, 128.0, 128.0, 256.0, 512.0, 256.0, 256.0, 256.0, 256.0, 256.0, 256.0, 384.0, 128.0, 256.0, 128.0, 128.0, 256.0, 128.0, 128.0, 256.0, 128.0, 128.0, 512.0, 512.0]]"
采茶歌,漳平市,"[[74, 67, 74, 74, 74, 74, 72, 69, 67, 74, 74, 72, 67, 69, 74, 74, 72, 69, 67, 67, 72, 67, 69, 67, 69, 67, 69, 74, 69, 74, 72, 69, 74, 74, 72, 69, 72, 72, 69, 67, 67, 67, 69, 67, 74, 74, 74, 72, 69, 67, 74, 69, 74, 72, 69, 69, 72, 74, 74, 69, 69, 72, 72, 69, 67, 67, 69, 69, 72, 74, 74, 72, 72, 69, 67, 74, 72, 69, 67, 67, 69, 74, 72, 74, 74, 72, 69, 67, 69, 72, 72, 69, 67], [256.0, 512.0, 256.0, 256.0, 256.0, 256.0, 256.0, 128.0, 128.0, 768.0, 128.0, 128.0, 512.0, 256.0, 512.0, 256.0, 512.0, 128.0, 128.0, 512.0, 256.0, 512.0, 256.0, 512.0, 256.0, 256.0, 256.0, 768.0, 256.0, 256.0, 256.0, 256.0, 256.0, 256.0, 256.0, 256.0, 256.0, 512.0, 128.0, 128.0, 768.0, 768.0, 256.0, 512.0, 256.0, 512.0, 256.0, 256.0, 128.0, 128.0, 768.0, 256.0, 256.0, 256.0, 256.0, 256.0, 128.0, 128.0, 256.0, 256.0, 256.0, 512.0, 128.0, 128.0, 768.0, 768.0, 256.0, 128.0, 128.0, 256.0, 128.0, 128.0, 256.0, 128.0, 128.0, 256.0, 256.0, 128.0, 128.0, 768.0, 256.0, 256.0, 128.0, 128.0, 256.0, 256.0, 128.0, 128.0, 256.0, 512.0, 128.0, 128.0, 512.0]]"
金针开花六角开,华安县,"[[69, 72, 69, 72, 69, 64, 69, 72, 64, 72, 72, 72, 76, 72, 74, 72, 69, 69, 72, 72, 69, 72, 72, 69, 72, 64, 72, 69, 72, 64, 72, 72, 76, 72, 76, 72, 69, 69, 72, 76, 69, 72], [256.0, 256.0, 128.0, 128.0, 256.0, 512.0, 128.0, 128.0, 256.0, 1024.0, 128.0, 128.0, 256.0, 128.0, 128.0, 128.0, 128.0, 512.0, 128.0, 128.0, 256.0, 1024.0, 256.0, 128.0, 128.0, 1024.0, 256.0, 128.0, 128.0, 1024.0, 128.0, 128.0, 256.0, 128.0, 128.0, 128.0, 128.0, 512.0, 128.0, 128.0, 256.0, 1024.0]]"
锡打茶壶假镀金,平和县；客家,"[[62, 64, 62, 60, 60, 57, 60, 62, 57, 62, 64, 62, 60, 57, 60, 62, 60, 60, 57, 57, 60, 57, 57, 60, 62, 62, 57, 62, 64, 62, 60, 57, 60, 62, 60, 62, 60, 60, 60], [256.0, 256.0, 256.0, 256.0, 256.0, 256.0, 256.0, 768.0, 256.0, 128.0, 128.0, 256.0, 512.0, 128.0, 128.0, 256.0, 256.0, 1024.0, 256.0, 256.0, 256.0, 512.0, 256.0, 256.0, 256.0, 1024.0, 256.0, 128.0, 128.0, 256.0, 512.0, 128.0, 128.0, 256.0, 128.0, 128.0, 256.0, 768.0, 512.0]]"
锣鼓一声叫你听,闽侯县,"[[60, 62, 60, 57, 62, 60, 55, 62, 62, 62, 57, 60, 60, 62, 60, 62, 60, 62, 60, 57, 62, 62, 60, 60, 62, 57, 55, 55, 60, 60, 62, 60, 62, 62, 60, 60, 57, 62, 60, 55, 60, 62, 62, 57, 57, 60, 62, 60, 62, 62, 62, 60, 57, 62, 57, 60, 60, 60, 57, 55, 60, 60, 62, 60, 62], [128.0, 384.0, 256.0, 256.0, 128.0, 384.0, 512.0, 256.0, 256.0, 256.0, 256.0, 256.0, 256.0, 512.0, 512.0, 512.0, 256.0, 256.0, 256.0, 256.0, 128.0, 384.0, 256.0, 256.0, 256.0, 256.0, 256.0, 256.0, 256.0, 256.0, 512.0, 512.0, 512.0, 128.0, 384.0, 256.0, 256.0, 128.0, 384.0, 512.0, 256.0, 256.0, 256.0, 256.0, 256.0, 256.0, 512.0, 512.0, 512.0, 128.0, 384.0, 256.0, 256.0, 128.0, 384.0, 256.0, 256.0, 256.0, 256.0, 512.0, 256.0, 256.0, 512.0, 512.0, 512.0]]"
长年歌（一）,三明市,"[[64, 69, 74, 72, 69, 74, 72, 74, 72, 69, 72, 74, 72, 74, 72, 69, 72, 69, 69, 64, 69, 74, 72, 72, 72, 72, 72, 76, 69, 72, 72, 74, 72, 72, 74, 72, 74, 72, 69, 69], [256.0, 256.0, 512.0, 256.0, 256.0, 512.0, 256.0, 256.0, 512.0, 1024.0, 256.0, 768.0, 256.0, 256.0, 512.0, 256.0, 256.0, 512.0, 1024.0, 256.0, 256.0, 512.0, 256.0, 256.0, 512.0, 256.0, 256.0, 512.0, 1024.0, 256.0, 256.0, 512.0, 256.0, 256.0, 512.0, 256.0, 256.0, 512.0, 256.0, 768.0]]"
长来长往心难离,福清市,"[[69, 74, 69, 67, 67, 67, 69, 74, 74, 76, 74, 72, 69, 74, 72, 69, 67, 67, 72, 69, 67, 74, 72, 69, 67, 69, 74, 72, 69, 72, 74, 72, 69, 67], [512.0, 512.0, 256.0, 768.0, 512.0, 256.0, 256.0, 1024.0, 512.0, 512.0, 256.0, 256.0, 512.0, 256.0, 256.0, 512.0, 1024.0, 512.0, 512.0, 512.0, 512.0, 512.0, 256.0, 256.0, 256.0, 768.0, 512.0, 512.0, 512.0, 512.0, 256.0, 256.0, 512.0, 1024.0]]"
问好歌,福安市,"[[72, 72, 69, 67, 64, 72, 72, 69, 69, 67, 72, 69, 69, 64, 60, 60, 62, 60, 69, 67, 64, 62, 62, 59, 59, 69, 67, 64, 62, 60, 67, 64, 62, 60, 60, 62, 67, 69, 64, 60, 64, 60, 62, 62, 59, 59, 59, 72, 69, 59, 71, 69, 64, 67, 64, 69, 59, 67, 67, 59, 60, 62, 69, 64, 67, 67, 67, 64, 60, 62, 62, 59, 59, 60, 67, 67, 60, 57, 60, 60, 69, 69, 67, 60, 62, 67, 64, 67, 64, 60, 60, 62, 62, 59, 59, 59, 72, 72, 64, 67, 72, 72, 69, 69, 67, 64, 62, 67, 64, 67, 64, 60, 60, 62, 62, 59, 59, 60, 67, 67, 60, 67, 64, 60, 60, 60, 62, 64, 67, 69, 64, 60, 60, 62, 62, 59, 59], [256.0, 128.0, 128.0, 256.0, 256.0, 256.0, 128.0, 128.0, 256.0, 256.0, 256.0, 256.0, 256.0, 256.0, 256.0, 256.0, 512.0, 256.0, 256.0, 128.0, 128.0, 256.0, 128.0, 128.0, 256.0, 512.0, 256.0, 128.0, 128.0, 512.0, 256.0, 128.0, 128.0, 256.0, 256.0, 512.0, 256.0, 256.0, 256.0, 256.0, 256.0, 256.0, 512.0, 128.0, 128.0, 512.0, 512.0, 256.0, 128.0, 128.0, 128.0, 128.0, 256.0, 512.0, 256.0, 128.0, 128.0, 256.0, 128.0, 128.0, 256.0, 512.0, 128.0, 128.0, 256.0, 256.0, 256.0, 256.0, 256.0, 512.0, 128.0, 128.0, 256.0, 512.0, 256.0, 256.0, 256.0, 256.0, 256.0, 256.0, 256.0, 128.0, 128.0, 256.0, 512.0, 128.0, 128.0, 128.0, 128.0, 256.0, 256.0, 512.0, 128.0, 128.0, 512.0, 512.0, 256.0, 256.0, 256.0, 512.0, 256.0, 256.0, 256.0, 256.0, 128.0, 128.0, 512.0, 128.0, 128.0, 256.0, 256.0, 256.0, 256.0, 512.0, 128.0, 128.0, 512.0, 512.0, 256.0, 256.0, 512.0, 256.0, 256.0, 256.0, 256.0, 256.0, 512.0, 256.0, 128.0, 128.0, 256.0, 256.0, 256.0, 512.0, 128.0, 128.0, 512.0]]"
阿哥莳禾打直行,连城县,"[[64, 72, 72, 72, 64, 64, 69, 72, 72, 69, 67, 69, 59, 64, 67, 64, 64, 72, 72, 72, 64, 69, 67, 69, 69, 69, 64, 64, 72, 72, 64, 72, 64, 72, 69, 64, 69, 59, 72, 64, 64, 64, 67, 64, 64, 72, 64, 69, 69, 64], [256.0, 256.0, 256.0, 256.0, 128.0, 128.0, 256.0, 256.0, 256.0, 128.0, 128.0, 512.0, 256.0, 192.0, 64.0, 128.0, 128.0, 256.0, 256.0, 256.0, 256.0, 128.0, 128.0, 256.0, 512.0, 256.0, 256.0, 256.0, 256.0, 256.0, 256.0, 256.0, 256.0, 256.0, 256.0, 256.0, 256.0, 512.0, 256.0, 128.0, 128.0, 128.0, 128.0, 128.0, 128.0, 256.0, 256.0, 1024.0, 256.0, 256.0]]"
韭菜生来丛打丛,宁化县,"[[67, 69, 69, 64, 67, 67, 72, 74, 72, 69, 72, 67, 69, 72, 67, 67, 64, 67, 69, 64, 72, 69, 67, 64, 72, 69, 72, 72, 67, 69, 72, 69, 67, 67], [256.0, 256.0, 256.0, 256.0, 256.0, 256.0, 512.0, 256.0, 128.0, 128.0, 256.0, 256.0, 512.0, 256.0, 256.0, 512.0, 256.0, 256.0, 256.0, 256.0, 256.0, 128.0, 128.0, 512.0, 256.0, 128.0, 128.0, 256.0, 256.0, 512.0, 256.0, 128.0, 128.0, 512.0]]"
高山顶上一只凤,漳州市,"[[74, 74, 76, 74, 79, 76, 74, 72, 74, 71, 69, 72, 72, 76, 74, 76, 72, 69, 67, 67, 69, 67, 64, 62], [256.0, 512.0, 256.0, 384.0, 128.0, 256.0, 256.0, 1024.0, 512.0, 512.0, 1024.0, 256.0, 512.0, 256.0, 384.0, 128.0, 256.0, 256.0, 1024.0, 384.0, 128.0, 256.0, 256.0, 1024.0]]"
龙王保得海里鱼,光泽县,"[[57, 57, 62, 60, 67, 67, 62, 57, 57, 62, 62, 67, 62, 57, 57, 62, 57, 60, 57, 57, 57], [128.0, 384.0, 64.0, 64.0, 384.0, 128.0, 384.0, 128.0, 384.0, 170.66666666666666, 341.3333333333333, 341.3333333333333, 170.66666666666666, 128.0, 128.0, 256.0, 64.0, 64.0, 384.0, 256.0, 256.0]]"
龙船歌（三）,三明市,"[[59, 62, 59, 64, 67, 59, 62, 67, 64, 62, 62, 60, 62, 59, 57, 64, 62, 59, 64, 57, 60, 62, 64, 60, 62, 60, 57, 57, 60, 57, 55, 59, 67, 59, 57, 67, 64, 67, 64, 62, 62, 57, 64, 67, 64, 62, 60, 62, 59, 64, 62, 59, 60, 57, 60, 59, 62, 64, 62, 62, 60, 57, 55, 59, 57, 57, 60, 62, 64, 60, 57, 60, 57, 55, 59, 60, 57, 59, 60, 62, 60, 57, 60, 57, 55, 59, 62, 60, 62, 59], [256.0, 256.0, 512.0, 256.0, 256.0, 512.0, 256.0, 256.0, 512.0, 256.0, 512.0, 256.0, 512.0, 256.0, 256.0, 256.0, 256.0, 256.0, 256.0, 256.0, 128.0, 128.0, 512.0, 256.0, 128.0, 128.0, 512.0, 256.0, 256.0, 512.0, 512.0, 512.0, 512.0, 256.0, 256.0, 256.0, 128.0, 128.0, 512.0, 256.0, 512.0, 256.0, 256.0, 256.0, 512.0, 768.0, 256.0, 512.0, 512.0, 256.0, 256.0, 256.0, 256.0, 256.0, 256.0, 512.0, 256.0, 256.0, 512.0, 256.0, 256.0, 512.0, 512.0, 512.0, 256.0, 512.0, 256.0, 768.0, 256.0, 256.0, 128.0, 128.0, 512.0, 512.0, 512.0, 256.0, 256.0, 512.0, 256.0, 256.0, 512.0, 256.0, 256.0, 512.0, 512.0, 512.0, 768.0, 256.0, 512.0, 512.0]]"
